head_id,head_name,head_type,head_ref,tail_id,tail_name,tail_type,tail_ref,predicate
DB00002,Cetuximab,drug,DrugBank,SMP0000474,Cetuximab Action Pathway,pathway,SMPDB,dpt
DB00006,Bivalirudin,drug,DrugBank,SMP0000277,Bivalirudin Action Pathway,pathway,SMPDB,dpt
DB00009,Alteplase,drug,DrugBank,SMP0000280,Alteplase Action Pathway,pathway,SMPDB,dpt
DB00015,Reteplase,drug,DrugBank,SMP0000285,Reteplase Action Pathway,pathway,SMPDB,dpt
DB00029,Anistreplase,drug,DrugBank,SMP0000281,Anistreplase Action Pathway,pathway,SMPDB,dpt
DB00031,Tenecteplase,drug,DrugBank,SMP0000283,Tenecteplase Action Pathway,pathway,SMPDB,dpt
DB00054,Abciximab,drug,DrugBank,SMP0000265,Abciximab Action Pathway,pathway,SMPDB,dpt
DB00063,Eptifibatide,drug,DrugBank,SMP0000266,Eptifibatide Action Pathway,pathway,SMPDB,dpt
DB00072,Trastuzumab,drug,DrugBank,SMP0000476,Trastuzumab Action Pathway,pathway,SMPDB,dpt
DB00086,Streptokinase,drug,DrugBank,SMP0000282,Streptokinase Action Pathway,pathway,SMPDB,dpt
DB00112,Bevacizumab,drug,DrugBank,SMP0000420,Bevacizumab Action Pathway,pathway,SMPDB,dpt
DB00175,Pravastatin,drug,DrugBank,SMP0000089,Pravastatin Action Pathway,pathway,SMPDB,dpt
DB00177,Valsartan,drug,DrugBank,SMP0000165,Valsartan Action Pathway,pathway,SMPDB,dpt
DB00178,Ramipril,drug,DrugBank,SMP0000154,Ramipril Action Pathway,pathway,SMPDB,dpt
DB00178,Ramipril,drug,DrugBank,SMP0000597,Ramipril Metabolism Pathway,pathway,SMPDB,dpt
DB00184,Nicotine,drug,DrugBank,SMP0000431,Nicotine Action Pathway,pathway,SMPDB,dpt
DB00184,Nicotine,drug,DrugBank,SMP0000628,Nicotine Metabolism Pathway,pathway,SMPDB,dpt
DB00193,Tramadol,drug,DrugBank,SMP0000671,Tramadol Action Action Pathway,pathway,SMPDB,dpt
DB00193,Tramadol,drug,DrugBank,SMP0000637,Tramadol Metabolism Pathway,pathway,SMPDB,dpt
DB00195,Betaxolol,drug,DrugBank,SMP0000299,Betaxolol Action Pathway,pathway,SMPDB,dpt
DB00201,Caffeine,drug,DrugBank,SMP0000028,Caffeine Metabolism,pathway,SMPDB,dpt
DB00207,Azithromycin,drug,DrugBank,SMP0000247,Azithromycin Action Pathway,pathway,SMPDB,dpt
DB00208,Ticlopidine,drug,DrugBank,SMP0000261,Ticlopidine Action Pathway,pathway,SMPDB,dpt
DB00208,Ticlopidine,drug,DrugBank,SMP0000611,Ticlopidine Metabolism Pathway,pathway,SMPDB,dpt
DB00213,Pantoprazole,drug,DrugBank,SMP0000615,Pantoprazole Metabolism Pathway,pathway,SMPDB,dpt
DB00213,Pantoprazole,drug,DrugBank,SMP0000228,Pantoprazole Action Pathway,pathway,SMPDB,dpt
DB00214,Torasemide,drug,DrugBank,SMP0000118,Torsemide Action Pathway,pathway,SMPDB,dpt
DB00215,Citalopram,drug,DrugBank,SMP0000424,Citalopram Action Pathway,pathway,SMPDB,dpt
DB00215,Citalopram,drug,DrugBank,SMP0000627,Citalopram Metabolism Pathway,pathway,SMPDB,dpt
DB00227,Lovastatin,drug,DrugBank,SMP0000099,Lovastatin Action Pathway,pathway,SMPDB,dpt
DB00238,Nevirapine,drug,DrugBank,SMP0000642,Nevirapine Metabolism Pathway,pathway,SMPDB,dpt
DB00238,Nevirapine,drug,DrugBank,SMP0000743,Nevirapine  Action Pathway,pathway,SMPDB,dpt
DB00256,Lymecycline,drug,DrugBank,SMP0000295,Lymecycline Action Pathway,pathway,SMPDB,dpt
DB00264,Metoprolol,drug,DrugBank,SMP0000302,Metoprolol Action Pathway,pathway,SMPDB,dpt
DB00266,Dicoumarol,drug,DrugBank,SMP0000270,Dicumarol Action Pathway,pathway,SMPDB,dpt
DB00266,Dicoumarol,drug,DrugBank,SMP0000656,Dicoumarol Action Pathway,pathway,SMPDB,dpt
DB00270,Isradipine,drug,DrugBank,SMP0000378,Isradipine Action Pathway,pathway,SMPDB,dpt
DB00272,Betazole,drug,DrugBank,SMP0000736,Betazole Action Pathway,pathway,SMPDB,dpt
DB00275,Olmesartan,drug,DrugBank,SMP0000163,Olmesartan Action Pathway,pathway,SMPDB,dpt
DB00277,Theophylline,drug,DrugBank,SMP0000028,Caffeine Metabolism,pathway,SMPDB,dpt
DB00278,Argatroban,drug,DrugBank,SMP0000276,Argatroban Action Pathway,pathway,SMPDB,dpt
DB00280,Disopyramide,drug,DrugBank,SMP0000325,Disopyramide Action Pathway,pathway,SMPDB,dpt
DB00282,Pamidronic acid,drug,DrugBank,SMP0000117,Pamidronate Action Pathway,pathway,SMPDB,dpt
DB00283,Clemastine,drug,DrugBank,SMP0058891,Clemastine H1-Antihistamine Action,pathway,SMPDB,dpt
DB00285,Venlafaxine,drug,DrugBank,SMP0000636,Venlafaxine Metabolism Pathway,pathway,SMPDB,dpt
DB00295,Morphine,drug,DrugBank,SMP0000406,Morphine Action Pathway,pathway,SMPDB,dpt
DB00295,Morphine,drug,DrugBank,SMP0000405,Codeine Action Pathway,pathway,SMPDB,dpt
DB00295,Morphine,drug,DrugBank,SMP0000623,Heroin Metabolism Pathway,pathway,SMPDB,dpt
DB00295,Morphine,drug,DrugBank,SMP0000407,Heroin Action Pathway,pathway,SMPDB,dpt
DB00295,Morphine,drug,DrugBank,SMP0000621,Codeine Metabolism Pathway,pathway,SMPDB,dpt
DB00295,Morphine,drug,DrugBank,SMP0000622,Morphine Metabolism Pathway,pathway,SMPDB,dpt
DB00296,Ropivacaine,drug,DrugBank,SMP0000404,Ropivacaine Action Pathway,pathway,SMPDB,dpt
DB00297,Bupivacaine,drug,DrugBank,SMP0000393,Bupivacaine Action Pathway,pathway,SMPDB,dpt
DB00300,Tenofovir disoproxil,drug,DrugBank,SMP0000630,Tenofovir Metabolism Pathway,pathway,SMPDB,dpt
DB00302,Tranexamic acid,drug,DrugBank,SMP0000287,Tranexamic Acid Action Pathway,pathway,SMPDB,dpt
DB00308,Ibutilide,drug,DrugBank,SMP0000332,Ibutilide Action Pathway,pathway,SMPDB,dpt
DB00309,Vindesine,drug,DrugBank,SMP0000438,Vindesine Action Pathway,pathway,SMPDB,dpt
DB00310,Chlorthalidone,drug,DrugBank,SMP0000122,Chlorthalidone Action Pathway,pathway,SMPDB,dpt
DB00313,Valproic acid,drug,DrugBank,SMP0000635,Valproic Acid Metabolism Pathway,pathway,SMPDB,dpt
DB00316,Acetaminophen,drug,DrugBank,SMP0000640,Acetaminophen Metabolism Pathway,pathway,SMPDB,dpt
DB00316,Acetaminophen,drug,DrugBank,SMP0000710,Acetaminophen  Action Pathway,pathway,SMPDB,dpt
DB00317,Gefitinib,drug,DrugBank,SMP0000473,Gefitinib Action Pathway,pathway,SMPDB,dpt
DB00328,Indomethacin,drug,DrugBank,SMP0000104,Indomethacin Action Pathway,pathway,SMPDB,dpt
DB00333,Methadone,drug,DrugBank,SMP0000408,Methadone Action Pathway,pathway,SMPDB,dpt
DB00333,Methadone,drug,DrugBank,SMP0000624,Methadone Metabolism Pathway,pathway,SMPDB,dpt
DB00335,Atenolol,drug,DrugBank,SMP0000298,Atenolol Action Pathway,pathway,SMPDB,dpt
DB00341,Cetirizine,drug,DrugBank,SMP0059058,Cetirizine H1-Antihistamine Action,pathway,SMPDB,dpt
DB00343,Diltiazem,drug,DrugBank,SMP0000359,Diltiazem Action Pathway,pathway,SMPDB,dpt
DB00352,Tioguanine,drug,DrugBank,SMP0000430,Thioguanine Action Pathway,pathway,SMPDB,dpt
DB00352,Tioguanine,drug,DrugBank,SMP0000647,Thioguanine Metabolism Pathway,pathway,SMPDB,dpt
DB00354,Buclizine,drug,DrugBank,SMP0058964,Buclizine H1-Antihistamine Action,pathway,SMPDB,dpt
DB00360,Sapropterin,drug,DrugBank,SMP0000063,Tryptophan Metabolism,pathway,SMPDB,dpt
DB00360,Sapropterin,drug,DrugBank,SMP0000362,Arginine: Glycine Amidinotransferase Deficiency (AGAT Deficiency),pathway,SMPDB,dpt
DB00360,Sapropterin,drug,DrugBank,SMP0000486,DOPA-Responsive Dystonia,pathway,SMPDB,dpt
DB00360,Sapropterin,drug,DrugBank,SMP0000504,"Creatine Deficiency, Guanidinoacetate Methyltransferase Deficiency",pathway,SMPDB,dpt
DB00360,Sapropterin,drug,DrugBank,SMP0000505,Hyperornithinemia with Gyrate Atrophy (HOGA),pathway,SMPDB,dpt
DB00360,Sapropterin,drug,DrugBank,SMP0000650,Doxorubicin Metabolism Pathway,pathway,SMPDB,dpt
DB00360,Sapropterin,drug,DrugBank,SMP0000006,Tyrosine Metabolism,pathway,SMPDB,dpt
DB00360,Sapropterin,drug,DrugBank,SMP0000020,Arginine and Proline Metabolism,pathway,SMPDB,dpt
DB00360,Sapropterin,drug,DrugBank,SMP0000188,Guanidinoacetate Methyltransferase Deficiency (GAMT Deficiency),pathway,SMPDB,dpt
DB00360,Sapropterin,drug,DrugBank,SMP0000218,Tyrosinemia Type I,pathway,SMPDB,dpt
DB00360,Sapropterin,drug,DrugBank,SMP0000360,Hyperprolinemia Type II,pathway,SMPDB,dpt
DB00360,Sapropterin,drug,DrugBank,SMP0000361,Hyperprolinemia Type I,pathway,SMPDB,dpt
DB00360,Sapropterin,drug,DrugBank,SMP0000429,Disulfiram Action Pathway,pathway,SMPDB,dpt
DB00360,Sapropterin,drug,DrugBank,SMP0000487,Hyperphenylalaninemia Due to Guanosine Triphosphate Cyclohydrolase Deficiency,pathway,SMPDB,dpt
DB00360,Sapropterin,drug,DrugBank,SMP0000488,Hyperphenylalaninemia Due to 6-Pyruvoyltetrahydropterin Synthase Deficiency (ptps),pathway,SMPDB,dpt
DB00360,Sapropterin,drug,DrugBank,SMP0000507,L-Arginine:Glycine Amidinotransferase Deficiency,pathway,SMPDB,dpt
DB00360,Sapropterin,drug,DrugBank,SMP0000005,Pterine Biosynthesis,pathway,SMPDB,dpt
DB00360,Sapropterin,drug,DrugBank,SMP0000169,Alkaptonuria,pathway,SMPDB,dpt
DB00360,Sapropterin,drug,DrugBank,SMP0000190,Hawkinsinuria,pathway,SMPDB,dpt
DB00360,Sapropterin,drug,DrugBank,SMP0000207,Prolidase Deficiency (PD),pathway,SMPDB,dpt
DB00360,Sapropterin,drug,DrugBank,SMP0000208,Prolinemia Type II,pathway,SMPDB,dpt
DB00360,Sapropterin,drug,DrugBank,SMP0000363,Ornithine Aminotransferase Deficiency (OAT Deficiency),pathway,SMPDB,dpt
DB00360,Sapropterin,drug,DrugBank,SMP0000489,Hyperphenylalaninemia Due to DHPR-Deficiency,pathway,SMPDB,dpt
DB00360,Sapropterin,drug,DrugBank,SMP0000490,Segawa Syndrome,pathway,SMPDB,dpt
DB00360,Sapropterin,drug,DrugBank,SMP0000491,Sepiapterin Reductase Deficiency,pathway,SMPDB,dpt
DB00360,Sapropterin,drug,DrugBank,SMP0000494,"Tyrosinemia, Transient, of the Newborn",pathway,SMPDB,dpt
DB00360,Sapropterin,drug,DrugBank,SMP0000498,Dopamine beta-Hydroxylase Deficiency,pathway,SMPDB,dpt
DB00360,Sapropterin,drug,DrugBank,SMP0000506,Hyperornithinemia-Hyperammonemia-Homocitrullinuria [HHH-syndrome],pathway,SMPDB,dpt
DB00360,Sapropterin,drug,DrugBank,SMP0000533,Monoamine Oxidase-A Deficiency (MAO-A),pathway,SMPDB,dpt
DB00360,Sapropterin,drug,DrugBank,SMP0063777,Nitric Oxide Signaling Pathway,pathway,SMPDB,dpt
DB00361,Vinorelbine,drug,DrugBank,SMP0000439,Vinorelbine Action Pathway,pathway,SMPDB,dpt
DB00368,Norepinephrine,drug,DrugBank,SMP0000170,Aromatic L-Aminoacid Decarboxylase Deficiency,pathway,SMPDB,dpt
DB00368,Norepinephrine,drug,DrugBank,SMP0000392,Benzocaine Action Pathway,pathway,SMPDB,dpt
DB00368,Norepinephrine,drug,DrugBank,SMP0000393,Bupivacaine Action Pathway,pathway,SMPDB,dpt
DB00368,Norepinephrine,drug,DrugBank,SMP0000398,Lidocaine (Local Anaesthetic) Action Pathway,pathway,SMPDB,dpt
DB00368,Norepinephrine,drug,DrugBank,SMP0000403,Proparacaine Action Pathway,pathway,SMPDB,dpt
DB00368,Norepinephrine,drug,DrugBank,SMP0000405,Codeine Action Pathway,pathway,SMPDB,dpt
DB00368,Norepinephrine,drug,DrugBank,SMP0000410,Hydromorphone Action Pathway,pathway,SMPDB,dpt
DB00368,Norepinephrine,drug,DrugBank,SMP0000415,Fentanyl Action Pathway,pathway,SMPDB,dpt
DB00368,Norepinephrine,drug,DrugBank,SMP0000417,Sufentanil Action Pathway,pathway,SMPDB,dpt
DB00368,Norepinephrine,drug,DrugBank,SMP0000678,Methadyl Acetate Action Pathway,pathway,SMPDB,dpt
DB00368,Norepinephrine,drug,DrugBank,SMP0000680,Dimethylthiambutene Action Pathway,pathway,SMPDB,dpt
DB00368,Norepinephrine,drug,DrugBank,SMP0000689,Dihydromorphine Action Pathway,pathway,SMPDB,dpt
DB00368,Norepinephrine,drug,DrugBank,SMP0000690,Ketobemidone  Action Pathway,pathway,SMPDB,dpt
DB00368,Norepinephrine,drug,DrugBank,SMP0000169,Alkaptonuria,pathway,SMPDB,dpt
DB00368,Norepinephrine,drug,DrugBank,SMP0000190,Hawkinsinuria,pathway,SMPDB,dpt
DB00368,Norepinephrine,drug,DrugBank,SMP0000400,Oxybuprocaine Action Pathway,pathway,SMPDB,dpt
DB00368,Norepinephrine,drug,DrugBank,SMP0000406,Morphine Action Pathway,pathway,SMPDB,dpt
DB00368,Norepinephrine,drug,DrugBank,SMP0000411,Hydrocodone Action Pathway,pathway,SMPDB,dpt
DB00368,Norepinephrine,drug,DrugBank,SMP0000412,Oxymorphone Action Pathway,pathway,SMPDB,dpt
DB00368,Norepinephrine,drug,DrugBank,SMP0000416,Remifentanil Action Pathway,pathway,SMPDB,dpt
DB00368,Norepinephrine,drug,DrugBank,SMP0000426,Fluoxetine Action Pathway,pathway,SMPDB,dpt
DB00368,Norepinephrine,drug,DrugBank,SMP0000431,Nicotine Action Pathway,pathway,SMPDB,dpt
DB00368,Norepinephrine,drug,DrugBank,SMP0000494,"Tyrosinemia, Transient, of the Newborn",pathway,SMPDB,dpt
DB00368,Norepinephrine,drug,DrugBank,SMP0000497,Tyrosine Hydroxylase Deficiency,pathway,SMPDB,dpt
DB00368,Norepinephrine,drug,DrugBank,SMP0000498,Dopamine beta-Hydroxylase Deficiency,pathway,SMPDB,dpt
DB00368,Norepinephrine,drug,DrugBank,SMP0000533,Monoamine Oxidase-A Deficiency (MAO-A),pathway,SMPDB,dpt
DB00368,Norepinephrine,drug,DrugBank,SMP0000672,Propoxyphene Action Pathway,pathway,SMPDB,dpt
DB00368,Norepinephrine,drug,DrugBank,SMP0000674,Anileridine Action Pathway,pathway,SMPDB,dpt
DB00368,Norepinephrine,drug,DrugBank,SMP0000679,3-Methylthiofentanyl Action Pathway,pathway,SMPDB,dpt
DB00368,Norepinephrine,drug,DrugBank,SMP0000683,Levallorphan Action Pathway,pathway,SMPDB,dpt
DB00370,Mirtazapine,drug,DrugBank,SMP0062885,Mirtazapine H1-Antihistamine Action,pathway,SMPDB,dpt
DB00373,Timolol,drug,DrugBank,SMP0000659,Timolol Action Pathway,pathway,SMPDB,dpt
DB00379,Mexiletine,drug,DrugBank,SMP0000329,Mexiletine Action Pathway,pathway,SMPDB,dpt
DB00381,Amlodipine,drug,DrugBank,SMP0000376,Amlodipine Action Pathway,pathway,SMPDB,dpt
DB00384,Triamterene,drug,DrugBank,SMP0000132,Triamterene Action Pathway,pathway,SMPDB,dpt
DB00393,Nimodipine,drug,DrugBank,SMP0000380,Nimodipine Action Pathway,pathway,SMPDB,dpt
DB00398,Sorafenib,drug,DrugBank,SMP0000648,Sorafenib Metabolism Pathway,pathway,SMPDB,dpt
DB00399,Zoledronic acid,drug,DrugBank,SMP0000107,Zoledronate Action Pathway,pathway,SMPDB,dpt
DB00401,Nisoldipine,drug,DrugBank,SMP0000381,Nisoldipine Action Pathway,pathway,SMPDB,dpt
DB00405,Dexbrompheniramine,drug,DrugBank,SMP0057580,Dexbrompheniramine H1-Antihistamine Action,pathway,SMPDB,dpt
DB00412,Rosiglitazone,drug,DrugBank,SMP0000653,Rosiglitazone Metabolism Pathway,pathway,SMPDB,dpt
DB00421,Spironolactone,drug,DrugBank,SMP0000134,Spironolactone Action Pathway,pathway,SMPDB,dpt
DB00427,Triprolidine,drug,DrugBank,SMP0057581,Triprolidine H1-Antihistamine Action,pathway,SMPDB,dpt
DB00434,Cyproheptadine,drug,DrugBank,SMP0059694,Cyproheptadine H1-Antihistamine Action,pathway,SMPDB,dpt
DB00435,Nitric Oxide,drug,DrugBank,SMP0000362,Arginine: Glycine Amidinotransferase Deficiency (AGAT Deficiency),pathway,SMPDB,dpt
DB00435,Nitric Oxide,drug,DrugBank,SMP0000504,"Creatine Deficiency, Guanidinoacetate Methyltransferase Deficiency",pathway,SMPDB,dpt
DB00435,Nitric Oxide,drug,DrugBank,SMP0000505,Hyperornithinemia with Gyrate Atrophy (HOGA),pathway,SMPDB,dpt
DB00435,Nitric Oxide,drug,DrugBank,SMP0000020,Arginine and Proline Metabolism,pathway,SMPDB,dpt
DB00435,Nitric Oxide,drug,DrugBank,SMP0000188,Guanidinoacetate Methyltransferase Deficiency (GAMT Deficiency),pathway,SMPDB,dpt
DB00435,Nitric Oxide,drug,DrugBank,SMP0000360,Hyperprolinemia Type II,pathway,SMPDB,dpt
DB00435,Nitric Oxide,drug,DrugBank,SMP0000361,Hyperprolinemia Type I,pathway,SMPDB,dpt
DB00435,Nitric Oxide,drug,DrugBank,SMP0000507,L-Arginine:Glycine Amidinotransferase Deficiency,pathway,SMPDB,dpt
DB00435,Nitric Oxide,drug,DrugBank,SMP0000207,Prolidase Deficiency (PD),pathway,SMPDB,dpt
DB00435,Nitric Oxide,drug,DrugBank,SMP0000208,Prolinemia Type II,pathway,SMPDB,dpt
DB00435,Nitric Oxide,drug,DrugBank,SMP0000363,Ornithine Aminotransferase Deficiency (OAT Deficiency),pathway,SMPDB,dpt
DB00435,Nitric Oxide,drug,DrugBank,SMP0000506,Hyperornithinemia-Hyperammonemia-Homocitrullinuria [HHH-syndrome],pathway,SMPDB,dpt
DB00435,Nitric Oxide,drug,DrugBank,SMP0063777,Nitric Oxide Signaling Pathway,pathway,SMPDB,dpt
DB00436,Bendroflumethiazide,drug,DrugBank,SMP0000090,Bendroflumethiazide Action Pathway,pathway,SMPDB,dpt
DB00441,Gemcitabine,drug,DrugBank,SMP0000603,Gemcitabine Metabolism Pathway,pathway,SMPDB,dpt
DB00441,Gemcitabine,drug,DrugBank,SMP0000446,Gemcitabine Action Pathway,pathway,SMPDB,dpt
DB00444,Teniposide,drug,DrugBank,SMP0000443,Teniposide Action Pathway,pathway,SMPDB,dpt
DB00444,Teniposide,drug,DrugBank,SMP0000602,Teniposide Metabolism Pathway,pathway,SMPDB,dpt
DB00448,Lansoprazole,drug,DrugBank,SMP0000614,Lansoprazole Metabolism Pathway,pathway,SMPDB,dpt
DB00448,Lansoprazole,drug,DrugBank,SMP0000227,Lansoprazole Action Pathway,pathway,SMPDB,dpt
DB00451,Levothyroxine,drug,DrugBank,SMP0000716,Thyroid Hormone Synthesis,pathway,SMPDB,dpt
DB00452,Framycetin,drug,DrugBank,SMP0000256,Neomycin Action Pathway,pathway,SMPDB,dpt
DB00455,Loratadine,drug,DrugBank,SMP0060195,Loratadine H1-Antihistamine Action,pathway,SMPDB,dpt
DB00458,Imipramine,drug,DrugBank,SMP0000422,Imipramine Action Pathway,pathway,SMPDB,dpt
DB00458,Imipramine,drug,DrugBank,SMP0000625,Imipramine Metabolism Pathway,pathway,SMPDB,dpt
DB00461,Nabumetone,drug,DrugBank,SMP0000114,Nabumetone Action Pathway,pathway,SMPDB,dpt
DB00465,Ketorolac,drug,DrugBank,SMP0000098,Ketorolac Action Pathway,pathway,SMPDB,dpt
DB00469,Tenoxicam,drug,DrugBank,SMP0000706,Tenoxicam Action Pathway,pathway,SMPDB,dpt
DB00482,Celecoxib,drug,DrugBank,SMP0000096,Celecoxib Action Pathway,pathway,SMPDB,dpt
DB00482,Celecoxib,drug,DrugBank,SMP0000644,Celecoxib Metabolism Pathway,pathway,SMPDB,dpt
DB00489,Sotalol,drug,DrugBank,SMP0000660,Sotalol Action Pathway,pathway,SMPDB,dpt
DB00492,Fosinopril,drug,DrugBank,SMP0000149,Fosinopril Action Pathway,pathway,SMPDB,dpt
DB00492,Fosinopril,drug,DrugBank,SMP0000594,Fosinopril Metabolism Pathway,pathway,SMPDB,dpt
DB00495,Zidovudine,drug,DrugBank,SMP0000747,Zidovudine Action Pathway,pathway,SMPDB,dpt
DB00498,Phenindione,drug,DrugBank,SMP0000655,Phenindione Action Pathway,pathway,SMPDB,dpt
DB00500,Tolmetin,drug,DrugBank,SMP0000704,Tolmetin Action Pathway,pathway,SMPDB,dpt
DB00501,Cimetidine,drug,DrugBank,SMP0000232,Cimetidine Action Pathway,pathway,SMPDB,dpt
DB00501,Cimetidine,drug,DrugBank,SMP0000617,Cimetidine Metabolism Pathway,pathway,SMPDB,dpt
DB00504,Levallorphan,drug,DrugBank,SMP0000683,Levallorphan Action Pathway,pathway,SMPDB,dpt
DB00513,Aminocaproic acid,drug,DrugBank,SMP0000286,Aminocaproic Acid Action Pathway,pathway,SMPDB,dpt
DB00519,Trandolapril,drug,DrugBank,SMP0000157,Trandolapril Action Pathway,pathway,SMPDB,dpt
DB00519,Trandolapril,drug,DrugBank,SMP0000599,Trandolapril Metabolism Pathway,pathway,SMPDB,dpt
DB00521,Carteolol,drug,DrugBank,SMP0000658,Carteolol Action Pathway,pathway,SMPDB,dpt
DB00523,Alitretinoin,drug,DrugBank,SMP0000074,Retinol Metabolism,pathway,SMPDB,dpt
DB00523,Alitretinoin,drug,DrugBank,SMP0000336,Vitamin A Deficiency,pathway,SMPDB,dpt
DB00524,Metolazone,drug,DrugBank,SMP0000105,Metolazone Action Pathway,pathway,SMPDB,dpt
DB00530,Erlotinib,drug,DrugBank,SMP0000472,Erlotinib Action Pathway,pathway,SMPDB,dpt
DB00531,Cyclophosphamide,drug,DrugBank,SMP0000447,Cyclophosphamide Action Pathway,pathway,SMPDB,dpt
DB00531,Cyclophosphamide,drug,DrugBank,SMP0000604,Cyclophosphamide Metabolism Pathway,pathway,SMPDB,dpt
DB00541,Vincristine,drug,DrugBank,SMP0000437,Vincristine Action Pathway,pathway,SMPDB,dpt
DB00542,Benazepril,drug,DrugBank,SMP0000145,Benazepril Action Pathway,pathway,SMPDB,dpt
DB00542,Benazepril,drug,DrugBank,SMP0000591,Benazepril Metabolism Pathway,pathway,SMPDB,dpt
DB00544,Fluorouracil,drug,DrugBank,SMP0000469,Capecitabine Action Pathway,pathway,SMPDB,dpt
DB00544,Fluorouracil,drug,DrugBank,SMP0000470,Fluorouracil Action Pathway,pathway,SMPDB,dpt
DB00544,Fluorouracil,drug,DrugBank,SMP0000607,Capecitabine Metabolism Pathway,pathway,SMPDB,dpt
DB00544,Fluorouracil,drug,DrugBank,SMP0000608,Fluorouracil Metabolism Pathway,pathway,SMPDB,dpt
DB00554,Piroxicam,drug,DrugBank,SMP0000077,Piroxicam Action Pathway,pathway,SMPDB,dpt
DB00557,Hydroxyzine,drug,DrugBank,SMP0058936,Hydroxyzine H1-Antihistamine Action,pathway,SMPDB,dpt
DB00560,Tigecycline,drug,DrugBank,SMP0000712,Tigecycline Action Pathway,pathway,SMPDB,dpt
DB00563,Methotrexate,drug,DrugBank,SMP0000432,Methotrexate Action Pathway,pathway,SMPDB,dpt
DB00564,Carbamazepine,drug,DrugBank,SMP0000634,Carbamazepine Metabolism Pathway,pathway,SMPDB,dpt
DB00568,Cinnarizine,drug,DrugBank,SMP0059110,Cinnarizine H1-Antihistamine Action,pathway,SMPDB,dpt
DB00569,Fondaparinux,drug,DrugBank,SMP0000273,Fondaparinux Action Pathway,pathway,SMPDB,dpt
DB00570,Vinblastine,drug,DrugBank,SMP0000436,Vinblastine Action Pathway,pathway,SMPDB,dpt
DB00571,Propranolol,drug,DrugBank,SMP0000307,Propranolol Action Pathway,pathway,SMPDB,dpt
DB00573,Fenoprofen,drug,DrugBank,SMP0000696,Fenoprofen Action Pathway,pathway,SMPDB,dpt
DB00583,Levocarnitine,drug,DrugBank,SMP0000052,Beta Oxidation of Very Long Chain Fatty Acids,pathway,SMPDB,dpt
DB00583,Levocarnitine,drug,DrugBank,SMP0000539,Long Chain Acyl-CoA Dehydrogenase Deficiency (LCAD),pathway,SMPDB,dpt
DB00583,Levocarnitine,drug,DrugBank,SMP0000541,Carnitine Palmitoyl Transferase Deficiency II,pathway,SMPDB,dpt
DB00583,Levocarnitine,drug,DrugBank,SMP0000051,Fatty Acid Metabolism,pathway,SMPDB,dpt
DB00583,Levocarnitine,drug,DrugBank,SMP0000465,Carnitine Synthesis,pathway,SMPDB,dpt
DB00583,Levocarnitine,drug,DrugBank,SMP0000482,Mitochondrial Beta-Oxidation of Long Chain Saturated Fatty Acids,pathway,SMPDB,dpt
DB00583,Levocarnitine,drug,DrugBank,SMP0000538,Carnitine Palmitoyl Transferase Deficiency I,pathway,SMPDB,dpt
DB00583,Levocarnitine,drug,DrugBank,SMP0000540,Very-Long-Chain Acyl-CoA Dehydrogenase Deficiency (VLCAD),pathway,SMPDB,dpt
DB00583,Levocarnitine,drug,DrugBank,SMP0000545,Trifunctional Protein Deficiency,pathway,SMPDB,dpt
DB00583,Levocarnitine,drug,DrugBank,SMP0000030,Oxidation of Branched-Chain Fatty Acids,pathway,SMPDB,dpt
DB00583,Levocarnitine,drug,DrugBank,SMP0000181,Ethylmalonic Encephalopathy,pathway,SMPDB,dpt
DB00583,Levocarnitine,drug,DrugBank,SMP0000185,Glutaric Aciduria Type I,pathway,SMPDB,dpt
DB00583,Levocarnitine,drug,DrugBank,SMP0000235,Short-Chain Acyl-CoA Dehydrogenase Deficiency (SCAD Deficiency),pathway,SMPDB,dpt
DB00583,Levocarnitine,drug,DrugBank,SMP0000516,"Adrenoleukodystrophy, X-Linked",pathway,SMPDB,dpt
DB00583,Levocarnitine,drug,DrugBank,SMP0000517,Carnitine-Acylcarnitine Translocase Deficiency,pathway,SMPDB,dpt
DB00583,Levocarnitine,drug,DrugBank,SMP0000542,Medium Chain Acyl-CoA Dehydrogenase Deficiency (MCAD),pathway,SMPDB,dpt
DB00585,Nizatidine,drug,DrugBank,SMP0000233,Nizatidine Action Pathway,pathway,SMPDB,dpt
DB00594,Amiloride,drug,DrugBank,SMP0000133,Amiloride Action Pathway,pathway,SMPDB,dpt
DB00598,Labetalol,drug,DrugBank,SMP0000368,Labetalol Action Pathway,pathway,SMPDB,dpt
DB00605,Sulindac,drug,DrugBank,SMP0000094,Sulindac Action Pathway,pathway,SMPDB,dpt
DB00606,Cyclothiazide,drug,DrugBank,SMP0000103,Cyclothiazide Action Pathway,pathway,SMPDB,dpt
DB00612,Bisoprolol,drug,DrugBank,SMP0000300,Bisoprolol Action Pathway,pathway,SMPDB,dpt
DB00618,Demeclocycline,drug,DrugBank,SMP0000290,Demeclocycline Action Pathway,pathway,SMPDB,dpt
DB00619,Imatinib,drug,DrugBank,SMP0031694,Imatinib Inhibition of BCR-ABL,pathway,SMPDB,dpt
DB00624,Testosterone,drug,DrugBank,SMP0000356,17-beta Hydroxysteroid Dehydrogenase III Deficiency,pathway,SMPDB,dpt
DB00624,Testosterone,drug,DrugBank,SMP0030406,Androstenedione Metabolism,pathway,SMPDB,dpt
DB00624,Testosterone,drug,DrugBank,SMP0000068,Androgen and Estrogen Metabolism,pathway,SMPDB,dpt
DB00624,Testosterone,drug,DrugBank,SMP0000565,Aromatase Deficiency,pathway,SMPDB,dpt
DB00625,Efavirenz,drug,DrugBank,SMP0000740,Efavirenz Action Pathway,pathway,SMPDB,dpt
DB00630,Alendronic acid,drug,DrugBank,SMP0000095,Alendronate Action Pathway,pathway,SMPDB,dpt
DB00640,Adenosine,drug,DrugBank,SMP0000033,Methionine Metabolism,pathway,SMPDB,dpt
DB00640,Adenosine,drug,DrugBank,SMP0000144,Adenosine Deaminase Deficiency,pathway,SMPDB,dpt
DB00640,Adenosine,drug,DrugBank,SMP0000168,AICA-Ribosiduria,pathway,SMPDB,dpt
DB00640,Adenosine,drug,DrugBank,SMP0000203,Molybdenum Cofactor Deficiency,pathway,SMPDB,dpt
DB00640,Adenosine,drug,DrugBank,SMP0000221,Methionine Adenosyltransferase Deficiency,pathway,SMPDB,dpt
DB00640,Adenosine,drug,DrugBank,SMP0000427,Azathioprine Action Pathway,pathway,SMPDB,dpt
DB00640,Adenosine,drug,DrugBank,SMP0000430,Thioguanine Action Pathway,pathway,SMPDB,dpt
DB00640,Adenosine,drug,DrugBank,SMP0000513,Xanthinuria Type II,pathway,SMPDB,dpt
DB00640,Adenosine,drug,DrugBank,SMP0000167,Adenylosuccinate Lyase Deficiency,pathway,SMPDB,dpt
DB00640,Adenosine,drug,DrugBank,SMP0000214,S-Adenosylhomocysteine (SAH) Hydrolase Deficiency,pathway,SMPDB,dpt
DB00640,Adenosine,drug,DrugBank,SMP0000220,Xanthine Dehydrogenase Deficiency (Xanthinuria),pathway,SMPDB,dpt
DB00640,Adenosine,drug,DrugBank,SMP0000222,Glycine N-Methyltransferase Deficiency,pathway,SMPDB,dpt
DB00640,Adenosine,drug,DrugBank,SMP0000340,Methylenetetrahydrofolate Reductase Deficiency (MTHFRD),pathway,SMPDB,dpt
DB00640,Adenosine,drug,DrugBank,SMP0000341,Hypermethioninemia,pathway,SMPDB,dpt
DB00640,Adenosine,drug,DrugBank,SMP0000512,Xanthinuria Type I,pathway,SMPDB,dpt
DB00640,Adenosine,drug,DrugBank,SMP0000536,Mitochondrial DNA Depletion Syndrome,pathway,SMPDB,dpt
DB00640,Adenosine,drug,DrugBank,SMP0000537,Myoadenylate Deaminase Deficiency,pathway,SMPDB,dpt
DB00640,Adenosine,drug,DrugBank,SMP0000570,"Homocystinuria-Megaloblastic Anemia Due to Defect in Cobalamin Metabolism, cblG Complementation Type",pathway,SMPDB,dpt
DB00640,Adenosine,drug,DrugBank,SMP0000029,Selenoamino Acid Metabolism,pathway,SMPDB,dpt
DB00640,Adenosine,drug,DrugBank,SMP0000050,Purine Metabolism,pathway,SMPDB,dpt
DB00640,Adenosine,drug,DrugBank,SMP0000123,Betaine Metabolism,pathway,SMPDB,dpt
DB00640,Adenosine,drug,DrugBank,SMP0000177,Cystathionine beta-Synthase Deficiency,pathway,SMPDB,dpt
DB00640,Adenosine,drug,DrugBank,SMP0000210,Purine Nucleoside Phosphorylase Deficiency,pathway,SMPDB,dpt
DB00640,Adenosine,drug,DrugBank,SMP0000320,Intracellular Signalling Through Adenosine Receptor A2a and Adenosine,pathway,SMPDB,dpt
DB00640,Adenosine,drug,DrugBank,SMP0000321,Intracellular Signalling Through Adenosine Receptor A2b and Adenosine,pathway,SMPDB,dpt
DB00640,Adenosine,drug,DrugBank,SMP0000364,Lesch-Nyhan Syndrome (LNS),pathway,SMPDB,dpt
DB00640,Adenosine,drug,DrugBank,SMP0000365,Gout or Kelley-Seegmiller Syndrome,pathway,SMPDB,dpt
DB00640,Adenosine,drug,DrugBank,SMP0000428,Mercaptopurine Action Pathway,pathway,SMPDB,dpt
DB00640,Adenosine,drug,DrugBank,SMP0000535,Adenine Phosphoribosyltransferase Deficiency (APRT),pathway,SMPDB,dpt
DB00641,Simvastatin,drug,DrugBank,SMP0000082,Simvastatin Action Pathway,pathway,SMPDB,dpt
DB00649,Stavudine,drug,DrugBank,SMP0000745,Stavudine Action Pathway,pathway,SMPDB,dpt
DB00650,Leucovorin,drug,DrugBank,SMP0000543,Methylenetetrahydrofolate Reductase Deficiency (MTHFRD),pathway,SMPDB,dpt
DB00650,Leucovorin,drug,DrugBank,SMP0000053,Folate Metabolism,pathway,SMPDB,dpt
DB00650,Leucovorin,drug,DrugBank,SMP0000432,Methotrexate Action Pathway,pathway,SMPDB,dpt
DB00650,Leucovorin,drug,DrugBank,SMP0000724,"Folate Malabsorption, Hereditary",pathway,SMPDB,dpt
DB00655,Estrone,drug,DrugBank,SMP0000532,Sulfite Oxidase Deficiency,pathway,SMPDB,dpt
DB00655,Estrone,drug,DrugBank,SMP0030880,Estrone Metabolism,pathway,SMPDB,dpt
DB00655,Estrone,drug,DrugBank,SMP0000068,Androgen and Estrogen Metabolism,pathway,SMPDB,dpt
DB00655,Estrone,drug,DrugBank,SMP0000565,Aromatase Deficiency,pathway,SMPDB,dpt
DB00655,Estrone,drug,DrugBank,SMP0000041,Sulfate/Sulfite Metabolism,pathway,SMPDB,dpt
DB00655,Estrone,drug,DrugBank,SMP0000356,17-beta Hydroxysteroid Dehydrogenase III Deficiency,pathway,SMPDB,dpt
DB00655,Estrone,drug,DrugBank,SMP0030406,Androstenedione Metabolism,pathway,SMPDB,dpt
DB00661,Verapamil,drug,DrugBank,SMP0000375,Verapamil Action Pathway,pathway,SMPDB,dpt
DB00670,Pirenzepine,drug,DrugBank,SMP0000246,Pirenzepine Action Pathway,pathway,SMPDB,dpt
DB00675,Tamoxifen,drug,DrugBank,SMP0000606,Tamoxifen Metabolism Pathway,pathway,SMPDB,dpt
DB00675,Tamoxifen,drug,DrugBank,SMP0000471,Tamoxifen Action Pathway,pathway,SMPDB,dpt
DB00678,Losartan,drug,DrugBank,SMP0000162,Losartan Action Pathway,pathway,SMPDB,dpt
DB00682,Warfarin,drug,DrugBank,SMP0000268,Warfarin Action Pathway,pathway,SMPDB,dpt
DB00684,Tobramycin,drug,DrugBank,SMP0000711,Tobramycin Action Pathway,pathway,SMPDB,dpt
DB00688,Mycophenolate mofetil,drug,DrugBank,SMP0000652,Mycophenolic Acid Metabolism Pathway,pathway,SMPDB,dpt
DB00691,Moexipril,drug,DrugBank,SMP0000151,Moexipril Action Pathway,pathway,SMPDB,dpt
DB00691,Moexipril,drug,DrugBank,SMP0000595,Moexipril Metabolism Pathway,pathway,SMPDB,dpt
DB00700,Eplerenone,drug,DrugBank,SMP0000135,Eplerenone Action Pathway,pathway,SMPDB,dpt
DB00705,Delavirdine,drug,DrugBank,SMP0000738,Delavirdine Action Pathway,pathway,SMPDB,dpt
DB00708,Sufentanil,drug,DrugBank,SMP0000417,Sufentanil Action Pathway,pathway,SMPDB,dpt
DB00709,Lamivudine,drug,DrugBank,SMP0000649,Lamivudine Metabolism Pathway,pathway,SMPDB,dpt
DB00709,Lamivudine,drug,DrugBank,SMP0000742,Lamivudine  Action Pathway,pathway,SMPDB,dpt
DB00710,Ibandronate,drug,DrugBank,SMP0000079,Ibandronate Action Pathway,pathway,SMPDB,dpt
DB00712,Flurbiprofen,drug,DrugBank,SMP0000697,Flurbiprofen Action Pathway,pathway,SMPDB,dpt
DB00718,Adefovir dipivoxil,drug,DrugBank,SMP0000629,Adefovir Dipivoxil Metabolism Pathway,pathway,SMPDB,dpt
DB00719,Azatadine,drug,DrugBank,SMP0059865,Azatadine H1-Antihistamine Action,pathway,SMPDB,dpt
DB00722,Lisinopril,drug,DrugBank,SMP0000150,Lisinopril Action Pathway,pathway,SMPDB,dpt
DB00731,Nateglinide,drug,DrugBank,SMP0000453,Nateglinide Action Pathway,pathway,SMPDB,dpt
DB00736,Esomeprazole,drug,DrugBank,SMP0000612,Esomeprazole Metabolism Pathway,pathway,SMPDB,dpt
DB00736,Esomeprazole,drug,DrugBank,SMP0000225,Esomeprazole Action Pathway,pathway,SMPDB,dpt
DB00737,Meclizine,drug,DrugBank,SMP0058956,Meclizine H1-Antihistamine Action,pathway,SMPDB,dpt
DB00748,Carbinoxamine,drug,DrugBank,SMP0058797,Carbinoxamine H1-Antihistamine Action,pathway,SMPDB,dpt
DB00750,Prilocaine,drug,DrugBank,SMP0000401,Prilocaine Action Pathway,pathway,SMPDB,dpt
DB00751,Epinastine,drug,DrugBank,SMP0061191,Epinastine H1-Antihistamine Action,pathway,SMPDB,dpt
DB00758,Clopidogrel,drug,DrugBank,SMP0000260,Clopidogrel Action Pathway,pathway,SMPDB,dpt
DB00758,Clopidogrel,drug,DrugBank,SMP0000610,Clopidogrel Metabolism Pathway,pathway,SMPDB,dpt
DB00762,Irinotecan,drug,DrugBank,SMP0000600,Irinotecan Metabolism Pathway,pathway,SMPDB,dpt
DB00762,Irinotecan,drug,DrugBank,SMP0000433,Irinotecan Action Pathway,pathway,SMPDB,dpt
DB00768,Olopatadine,drug,DrugBank,SMP0060740,Olopatadine H1-Antihistamine Action,pathway,SMPDB,dpt
DB00773,Etoposide,drug,DrugBank,SMP0000601,Etoposide Metabolism Pathway,pathway,SMPDB,dpt
DB00773,Etoposide,drug,DrugBank,SMP0000442,Etoposide Action Pathway,pathway,SMPDB,dpt
DB00775,Tirofiban,drug,DrugBank,SMP0000267,Tirofiban Action Pathway,pathway,SMPDB,dpt
DB00776,Oxcarbazepine,drug,DrugBank,SMP0000634,Carbamazepine Metabolism Pathway,pathway,SMPDB,dpt
DB00777,Propiomazine,drug,DrugBank,SMP0062625,Propiomazine H1-Antihistamine Action,pathway,SMPDB,dpt
DB00784,Mefenamic acid,drug,DrugBank,SMP0000109,Mefenamic Acid Action Pathway,pathway,SMPDB,dpt
DB00790,Perindopril,drug,DrugBank,SMP0000152,Perindopril Action Pathway,pathway,SMPDB,dpt
DB00796,Candesartan cilexetil,drug,DrugBank,SMP0000158,Candesartan Action Pathway,pathway,SMPDB,dpt
DB00808,Indapamide,drug,DrugBank,SMP0000110,Indapamide Action Pathway,pathway,SMPDB,dpt
DB00822,Disulfiram,drug,DrugBank,SMP0000429,Disulfiram Action Pathway,pathway,SMPDB,dpt
DB00835,Brompheniramine,drug,DrugBank,SMP0057579,Brompheniramine H1-Antihistamine Action,pathway,SMPDB,dpt
DB00841,Dobutamine,drug,DrugBank,SMP0000662,Dobutamine Action Pathway,pathway,SMPDB,dpt
DB00844,Nalbuphine,drug,DrugBank,SMP0000691,Nalbuphine Action Pathway,pathway,SMPDB,dpt
DB00847,Cysteamine,drug,DrugBank,SMP0000021,Taurine and Hypotaurine Metabolism,pathway,SMPDB,dpt
DB00847,Cysteamine,drug,DrugBank,SMP0000027,Pantothenate and CoA Biosynthesis,pathway,SMPDB,dpt
DB00854,Levorphanol,drug,DrugBank,SMP0000673,Levorphanol Action Pathway,pathway,SMPDB,dpt
DB00855,Aminolevulinic acid,drug,DrugBank,SMP0000004,Glycine and Serine Metabolism,pathway,SMPDB,dpt
DB00855,Aminolevulinic acid,drug,DrugBank,SMP0000024,Porphyrin Metabolism,pathway,SMPDB,dpt
DB00855,Aminolevulinic acid,drug,DrugBank,SMP0000223,Non-Ketotic Hyperglycinemia,pathway,SMPDB,dpt
DB00855,Aminolevulinic acid,drug,DrugBank,SMP0000244,Sarcosinemia,pathway,SMPDB,dpt
DB00855,Aminolevulinic acid,drug,DrugBank,SMP0000344,Acute Intermittent Porphyria,pathway,SMPDB,dpt
DB00855,Aminolevulinic acid,drug,DrugBank,SMP0000346,Porphyria Variegata (PV),pathway,SMPDB,dpt
DB00855,Aminolevulinic acid,drug,DrugBank,SMP0000179,Dihydropyrimidine Dehydrogenase Deficiency (DHPD),pathway,SMPDB,dpt
DB00855,Aminolevulinic acid,drug,DrugBank,SMP0000242,Dimethylglycine Dehydrogenase Deficiency,pathway,SMPDB,dpt
DB00855,Aminolevulinic acid,drug,DrugBank,SMP0000342,Hereditary Coproporphyria (HCP),pathway,SMPDB,dpt
DB00855,Aminolevulinic acid,drug,DrugBank,SMP0000345,Congenital Erythropoietic Porphyria (CEP) or Gunther Disease,pathway,SMPDB,dpt
DB00855,Aminolevulinic acid,drug,DrugBank,SMP0000484,Dimethylglycine Dehydrogenase Deficiency,pathway,SMPDB,dpt
DB00855,Aminolevulinic acid,drug,DrugBank,SMP0000485,"Hyperglycinemia, Non-Ketotic",pathway,SMPDB,dpt
DB00855,Aminolevulinic acid,drug,DrugBank,SMP0000721,3-Phosphoglycerate Dehydrogenase Deficiency,pathway,SMPDB,dpt
DB00861,Diflunisal,drug,DrugBank,SMP0000289,Diflunisal Action Pathway,pathway,SMPDB,dpt
DB00876,Eprosartan,drug,DrugBank,SMP0000159,Eprosartan Action Pathway,pathway,SMPDB,dpt
DB00879,Emtricitabine,drug,DrugBank,SMP0000741,Emtricitabine Action Pathway,pathway,SMPDB,dpt
DB00881,Quinapril,drug,DrugBank,SMP0000596,Quinapril Metabolism Pathway,pathway,SMPDB,dpt
DB00881,Quinapril,drug,DrugBank,SMP0000153,Quinapril Action Pathway,pathway,SMPDB,dpt
DB00884,Risedronic acid,drug,DrugBank,SMP0000112,Risedronate Action Pathway,pathway,SMPDB,dpt
DB00887,Bumetanide,drug,DrugBank,SMP0000088,Bumetanide Action Pathway,pathway,SMPDB,dpt
DB00892,Oxybuprocaine,drug,DrugBank,SMP0000400,Oxybuprocaine Action Pathway,pathway,SMPDB,dpt
DB00898,Ethanol,drug,DrugBank,SMP0000429,Disulfiram Action Pathway,pathway,SMPDB,dpt
DB00898,Ethanol,drug,DrugBank,SMP0000449,Ethanol Degradation,pathway,SMPDB,dpt
DB00899,Remifentanil,drug,DrugBank,SMP0000416,Remifentanil Action Pathway,pathway,SMPDB,dpt
DB00900,Didanosine,drug,DrugBank,SMP0000739,Didanosine Action Pathway,pathway,SMPDB,dpt
DB00902,Methdilazine,drug,DrugBank,SMP0059730,Methdilazine H1-Antihistamine Action,pathway,SMPDB,dpt
DB00903,Etacrynic acid,drug,DrugBank,SMP0000097,Ethacrynic Acid Action Pathway,pathway,SMPDB,dpt
DB00908,Quinidine,drug,DrugBank,SMP0000323,Quinidine Action Pathway,pathway,SMPDB,dpt
DB00912,Repaglinide,drug,DrugBank,SMP0000454,Repaglinide Action Pathway,pathway,SMPDB,dpt
DB00917,Dinoprostone,drug,DrugBank,SMP0000077,Piroxicam Action Pathway,pathway,SMPDB,dpt
DB00917,Dinoprostone,drug,DrugBank,SMP0000087,Rofecoxib Action Pathway,pathway,SMPDB,dpt
DB00917,Dinoprostone,drug,DrugBank,SMP0000093,Diclofenac Action Pathway,pathway,SMPDB,dpt
DB00917,Dinoprostone,drug,DrugBank,SMP0000094,Sulindac Action Pathway,pathway,SMPDB,dpt
DB00917,Dinoprostone,drug,DrugBank,SMP0000114,Nabumetone Action Pathway,pathway,SMPDB,dpt
DB00917,Dinoprostone,drug,DrugBank,SMP0000116,Valdecoxib Action Pathway,pathway,SMPDB,dpt
DB00917,Dinoprostone,drug,DrugBank,SMP0000692,Antipyrine Action Pathway,pathway,SMPDB,dpt
DB00917,Dinoprostone,drug,DrugBank,SMP0000697,Flurbiprofen Action Pathway,pathway,SMPDB,dpt
DB00917,Dinoprostone,drug,DrugBank,SMP0000702,Nepafenac Action Pathway,pathway,SMPDB,dpt
DB00917,Dinoprostone,drug,DrugBank,SMP0000075,Arachidonic Acid Metabolism,pathway,SMPDB,dpt
DB00917,Dinoprostone,drug,DrugBank,SMP0000083,Acetylsalicylic Acid Action Pathway,pathway,SMPDB,dpt
DB00917,Dinoprostone,drug,DrugBank,SMP0000098,Ketorolac Action Pathway,pathway,SMPDB,dpt
DB00917,Dinoprostone,drug,DrugBank,SMP0000102,Bromfenac Action Pathway,pathway,SMPDB,dpt
DB00917,Dinoprostone,drug,DrugBank,SMP0000106,Meloxicam Action Pathway,pathway,SMPDB,dpt
DB00917,Dinoprostone,drug,DrugBank,SMP0000109,Mefenamic Acid Action Pathway,pathway,SMPDB,dpt
DB00917,Dinoprostone,drug,DrugBank,SMP0000113,Oxaprozin Action Pathway,pathway,SMPDB,dpt
DB00917,Dinoprostone,drug,DrugBank,SMP0000120,Naproxen Action Pathway,pathway,SMPDB,dpt
DB00917,Dinoprostone,drug,DrugBank,SMP0000694,Carprofen Action Pathway,pathway,SMPDB,dpt
DB00917,Dinoprostone,drug,DrugBank,SMP0000695,Etoricoxib Action Pathway,pathway,SMPDB,dpt
DB00917,Dinoprostone,drug,DrugBank,SMP0000699,Lumiracoxib Action Pathway,pathway,SMPDB,dpt
DB00917,Dinoprostone,drug,DrugBank,SMP0000701,Phenylbutazone Action Pathway,pathway,SMPDB,dpt
DB00917,Dinoprostone,drug,DrugBank,SMP0000707,Salsalate Action Pathway,pathway,SMPDB,dpt
DB00917,Dinoprostone,drug,DrugBank,SMP0000708,Salicylate-Sodium Action Pathway,pathway,SMPDB,dpt
DB00917,Dinoprostone,drug,DrugBank,SMP0000710,Acetaminophen  Action Pathway,pathway,SMPDB,dpt
DB00917,Dinoprostone,drug,DrugBank,SMP0000084,Etodolac Action Pathway,pathway,SMPDB,dpt
DB00917,Dinoprostone,drug,DrugBank,SMP0000085,Ketoprofen Action Pathway,pathway,SMPDB,dpt
DB00917,Dinoprostone,drug,DrugBank,SMP0000086,Ibuprofen Action Pathway,pathway,SMPDB,dpt
DB00917,Dinoprostone,drug,DrugBank,SMP0000096,Celecoxib Action Pathway,pathway,SMPDB,dpt
DB00917,Dinoprostone,drug,DrugBank,SMP0000101,Suprofen Action Pathway,pathway,SMPDB,dpt
DB00917,Dinoprostone,drug,DrugBank,SMP0000104,Indomethacin Action Pathway,pathway,SMPDB,dpt
DB00920,Ketotifen,drug,DrugBank,SMP0059868,Ketotifen H1-Antihistamine Action,pathway,SMPDB,dpt
DB00927,Famotidine,drug,DrugBank,SMP0000231,Famotidine Action Pathway,pathway,SMPDB,dpt
DB00931,Metacycline,drug,DrugBank,SMP0000727,Methacycline Action Pathway,pathway,SMPDB,dpt
DB00943,Zalcitabine,drug,DrugBank,SMP0000746,Zalcitabine Action Pathway,pathway,SMPDB,dpt
DB00946,Phenprocoumon,drug,DrugBank,SMP0000271,Phenprocoumon Action Pathway,pathway,SMPDB,dpt
DB00949,Felbamate,drug,DrugBank,SMP0000633,Felbamate Metabolism Pathway,pathway,SMPDB,dpt
DB00950,Fexofenadine,drug,DrugBank,SMP0060218,Fexofenadine H1-Antihistamine Action,pathway,SMPDB,dpt
DB00955,Netilmicin,drug,DrugBank,SMP0000257,Netilmicin Action Pathway,pathway,SMPDB,dpt
DB00960,Pindolol,drug,DrugBank,SMP0000306,Pindolol Action Pathway,pathway,SMPDB,dpt
DB00966,Telmisartan,drug,DrugBank,SMP0000164,Telmisartan Action Pathway,pathway,SMPDB,dpt
DB00967,Desloratadine,drug,DrugBank,SMP0060201,Desloratadine H1-Antihistamine Action,pathway,SMPDB,dpt
DB00972,Azelastine,drug,DrugBank,SMP0060741,Azelastine H1-Antihistamine Action,pathway,SMPDB,dpt
DB00975,Dipyridamole,drug,DrugBank,SMP0000264,Dipyridamole (Antiplatelet) Action Pathway,pathway,SMPDB,dpt
DB00976,Telithromycin,drug,DrugBank,SMP0000252,Telithromycin Action Pathway,pathway,SMPDB,dpt
DB00988,Dopamine,drug,DrugBank,SMP0000170,Aromatic L-Aminoacid Decarboxylase Deficiency,pathway,SMPDB,dpt
DB00988,Dopamine,drug,DrugBank,SMP0000392,Benzocaine Action Pathway,pathway,SMPDB,dpt
DB00988,Dopamine,drug,DrugBank,SMP0000393,Bupivacaine Action Pathway,pathway,SMPDB,dpt
DB00988,Dopamine,drug,DrugBank,SMP0000398,Lidocaine (Local Anaesthetic) Action Pathway,pathway,SMPDB,dpt
DB00988,Dopamine,drug,DrugBank,SMP0000403,Proparacaine Action Pathway,pathway,SMPDB,dpt
DB00988,Dopamine,drug,DrugBank,SMP0000405,Codeine Action Pathway,pathway,SMPDB,dpt
DB00988,Dopamine,drug,DrugBank,SMP0000410,Hydromorphone Action Pathway,pathway,SMPDB,dpt
DB00988,Dopamine,drug,DrugBank,SMP0000415,Fentanyl Action Pathway,pathway,SMPDB,dpt
DB00988,Dopamine,drug,DrugBank,SMP0000417,Sufentanil Action Pathway,pathway,SMPDB,dpt
DB00988,Dopamine,drug,DrugBank,SMP0000678,Methadyl Acetate Action Pathway,pathway,SMPDB,dpt
DB00988,Dopamine,drug,DrugBank,SMP0000680,Dimethylthiambutene Action Pathway,pathway,SMPDB,dpt
DB00988,Dopamine,drug,DrugBank,SMP0000689,Dihydromorphine Action Pathway,pathway,SMPDB,dpt
DB00988,Dopamine,drug,DrugBank,SMP0000690,Ketobemidone  Action Pathway,pathway,SMPDB,dpt
DB00988,Dopamine,drug,DrugBank,SMP0000169,Alkaptonuria,pathway,SMPDB,dpt
DB00988,Dopamine,drug,DrugBank,SMP0000190,Hawkinsinuria,pathway,SMPDB,dpt
DB00988,Dopamine,drug,DrugBank,SMP0000308,Dopamine Activation of Neurological Reward System,pathway,SMPDB,dpt
DB00988,Dopamine,drug,DrugBank,SMP0000400,Oxybuprocaine Action Pathway,pathway,SMPDB,dpt
DB00988,Dopamine,drug,DrugBank,SMP0000406,Morphine Action Pathway,pathway,SMPDB,dpt
DB00988,Dopamine,drug,DrugBank,SMP0000411,Hydrocodone Action Pathway,pathway,SMPDB,dpt
DB00988,Dopamine,drug,DrugBank,SMP0000412,Oxymorphone Action Pathway,pathway,SMPDB,dpt
DB00988,Dopamine,drug,DrugBank,SMP0000416,Remifentanil Action Pathway,pathway,SMPDB,dpt
DB00988,Dopamine,drug,DrugBank,SMP0000426,Fluoxetine Action Pathway,pathway,SMPDB,dpt
DB00988,Dopamine,drug,DrugBank,SMP0000431,Nicotine Action Pathway,pathway,SMPDB,dpt
DB00988,Dopamine,drug,DrugBank,SMP0000494,"Tyrosinemia, Transient, of the Newborn",pathway,SMPDB,dpt
DB00988,Dopamine,drug,DrugBank,SMP0000497,Tyrosine Hydroxylase Deficiency,pathway,SMPDB,dpt
DB00988,Dopamine,drug,DrugBank,SMP0000498,Dopamine beta-Hydroxylase Deficiency,pathway,SMPDB,dpt
DB00988,Dopamine,drug,DrugBank,SMP0000533,Monoamine Oxidase-A Deficiency (MAO-A),pathway,SMPDB,dpt
DB00988,Dopamine,drug,DrugBank,SMP0000672,Propoxyphene Action Pathway,pathway,SMPDB,dpt
DB00988,Dopamine,drug,DrugBank,SMP0000674,Anileridine Action Pathway,pathway,SMPDB,dpt
DB00988,Dopamine,drug,DrugBank,SMP0000679,3-Methylthiofentanyl Action Pathway,pathway,SMPDB,dpt
DB00991,Oxaprozin,drug,DrugBank,SMP0000113,Oxaprozin Action Pathway,pathway,SMPDB,dpt
DB00993,Azathioprine,drug,DrugBank,SMP0000427,Azathioprine Action Pathway,pathway,SMPDB,dpt
DB00993,Azathioprine,drug,DrugBank,SMP0000645,Azathioprine Metabolism Pathway,pathway,SMPDB,dpt
DB00997,Doxorubicin,drug,DrugBank,SMP0000650,Doxorubicin Metabolism Pathway,pathway,SMPDB,dpt
DB01002,Levobupivacaine,drug,DrugBank,SMP0000397,Levobupivacaine Action Pathway,pathway,SMPDB,dpt
DB01016,Glyburide,drug,DrugBank,SMP0000460,Glibenclamide Action Pathway,pathway,SMPDB,dpt
DB01017,Minocycline,drug,DrugBank,SMP0000292,Minocycline Action Pathway,pathway,SMPDB,dpt
DB01022,Phylloquinone,drug,DrugBank,SMP0000272,Enoxaparin Action Pathway,pathway,SMPDB,dpt
DB01022,Phylloquinone,drug,DrugBank,SMP0000273,Fondaparinux Action Pathway,pathway,SMPDB,dpt
DB01022,Phylloquinone,drug,DrugBank,SMP0000278,Lepirudin Action Pathway,pathway,SMPDB,dpt
DB01022,Phylloquinone,drug,DrugBank,SMP0000280,Alteplase Action Pathway,pathway,SMPDB,dpt
DB01022,Phylloquinone,drug,DrugBank,SMP0000281,Anistreplase Action Pathway,pathway,SMPDB,dpt
DB01022,Phylloquinone,drug,DrugBank,SMP0000284,Urokinase Action Pathway,pathway,SMPDB,dpt
DB01022,Phylloquinone,drug,DrugBank,SMP0000655,Phenindione Action Pathway,pathway,SMPDB,dpt
DB01022,Phylloquinone,drug,DrugBank,SMP0000268,Warfarin Action Pathway,pathway,SMPDB,dpt
DB01022,Phylloquinone,drug,DrugBank,SMP0000269,Acenocoumarol Action Pathway,pathway,SMPDB,dpt
DB01022,Phylloquinone,drug,DrugBank,SMP0000270,Dicumarol Action Pathway,pathway,SMPDB,dpt
DB01022,Phylloquinone,drug,DrugBank,SMP0000276,Argatroban Action Pathway,pathway,SMPDB,dpt
DB01022,Phylloquinone,drug,DrugBank,SMP0000279,Ximelagatran Action Pathway,pathway,SMPDB,dpt
DB01022,Phylloquinone,drug,DrugBank,SMP0000283,Tenecteplase Action Pathway,pathway,SMPDB,dpt
DB01022,Phylloquinone,drug,DrugBank,SMP0000286,Aminocaproic Acid Action Pathway,pathway,SMPDB,dpt
DB01022,Phylloquinone,drug,DrugBank,SMP0000656,Dicoumarol Action Pathway,pathway,SMPDB,dpt
DB01022,Phylloquinone,drug,DrugBank,SMP0000271,Phenprocoumon Action Pathway,pathway,SMPDB,dpt
DB01022,Phylloquinone,drug,DrugBank,SMP0000274,Heparin Action Pathway,pathway,SMPDB,dpt
DB01022,Phylloquinone,drug,DrugBank,SMP0000275,Ardeparin Action Pathway,pathway,SMPDB,dpt
DB01022,Phylloquinone,drug,DrugBank,SMP0000277,Bivalirudin Action Pathway,pathway,SMPDB,dpt
DB01022,Phylloquinone,drug,DrugBank,SMP0000282,Streptokinase Action Pathway,pathway,SMPDB,dpt
DB01022,Phylloquinone,drug,DrugBank,SMP0000285,Reteplase Action Pathway,pathway,SMPDB,dpt
DB01022,Phylloquinone,drug,DrugBank,SMP0000287,Tranexamic Acid Action Pathway,pathway,SMPDB,dpt
DB01022,Phylloquinone,drug,DrugBank,SMP0000288,Aprotinin Action Pathway,pathway,SMPDB,dpt
DB01022,Phylloquinone,drug,DrugBank,SMP0000464,Vitamin K Metabolism,pathway,SMPDB,dpt
DB01022,Phylloquinone,drug,DrugBank,SMP0000586,Coagulation ,pathway,SMPDB,dpt
DB01023,Felodipine,drug,DrugBank,SMP0000619,Felodipine Metabolism Pathway,pathway,SMPDB,dpt
DB01023,Felodipine,drug,DrugBank,SMP0000377,Felodipine Action Pathway,pathway,SMPDB,dpt
DB01024,Mycophenolic acid,drug,DrugBank,SMP0000652,Mycophenolic Acid Metabolism Pathway,pathway,SMPDB,dpt
DB01029,Irbesartan,drug,DrugBank,SMP0000161,Irbesartan Action Pathway,pathway,SMPDB,dpt
DB01033,Mercaptopurine,drug,DrugBank,SMP0000428,Mercaptopurine Action Pathway,pathway,SMPDB,dpt
DB01033,Mercaptopurine,drug,DrugBank,SMP0000645,Azathioprine Metabolism Pathway,pathway,SMPDB,dpt
DB01033,Mercaptopurine,drug,DrugBank,SMP0000427,Azathioprine Action Pathway,pathway,SMPDB,dpt
DB01033,Mercaptopurine,drug,DrugBank,SMP0000430,Thioguanine Action Pathway,pathway,SMPDB,dpt
DB01033,Mercaptopurine,drug,DrugBank,SMP0000609,Mercaptopurine Metabolism Pathway,pathway,SMPDB,dpt
DB01035,Procainamide,drug,DrugBank,SMP0000324,Procainamide (Antiarrhythmic) Action Pathway,pathway,SMPDB,dpt
DB01048,Abacavir,drug,DrugBank,SMP0000737,Abacavir Action Pathway,pathway,SMPDB,dpt
DB01050,Ibuprofen,drug,DrugBank,SMP0000086,Ibuprofen Action Pathway,pathway,SMPDB,dpt
DB01050,Ibuprofen,drug,DrugBank,SMP0000590,Ibuprofen Metabolism Pathway,pathway,SMPDB,dpt
DB01054,Nitrendipine,drug,DrugBank,SMP0000382,Nitrendipine Action Pathway,pathway,SMPDB,dpt
DB01056,Tocainide,drug,DrugBank,SMP0000330,Tocainide Action Pathway,pathway,SMPDB,dpt
DB01064,Isoprenaline,drug,DrugBank,SMP0000663,Isoprenaline Action Pathway,pathway,SMPDB,dpt
DB01069,Promethazine,drug,DrugBank,SMP0059211,Promethazine H1-Antihistamine Action,pathway,SMPDB,dpt
DB01075,Diphenhydramine,drug,DrugBank,SMP0058785,Diphenhydramine H1-Antihistamine Action,pathway,SMPDB,dpt
DB01084,Emedastine,drug,DrugBank,SMP0061040,Emedastine H1-Antihistamine Action,pathway,SMPDB,dpt
DB01086,Benzocaine,drug,DrugBank,SMP0000392,Benzocaine Action Pathway,pathway,SMPDB,dpt
DB01095,Fluvastatin,drug,DrugBank,SMP0000119,Fluvastatin Action Pathway,pathway,SMPDB,dpt
DB01098,Rosuvastatin,drug,DrugBank,SMP0000092,Rosuvastatin Action Pathway,pathway,SMPDB,dpt
DB01101,Capecitabine,drug,DrugBank,SMP0000469,Capecitabine Action Pathway,pathway,SMPDB,dpt
DB01101,Capecitabine,drug,DrugBank,SMP0000607,Capecitabine Metabolism Pathway,pathway,SMPDB,dpt
DB01102,Arbutamine,drug,DrugBank,SMP0000664,Arbutamine Action Pathway,pathway,SMPDB,dpt
DB01106,Levocabastine,drug,DrugBank,SMP0060224,Levocabastine H1-Antihistamine Action,pathway,SMPDB,dpt
DB01109,Heparin,drug,DrugBank,SMP0000274,Heparin Action Pathway,pathway,SMPDB,dpt
DB01109,Heparin,drug,DrugBank,SMP0000358,Fc Epsilon Receptor I Signaling in Mast Cells,pathway,SMPDB,dpt
DB01114,Chlorpheniramine,drug,DrugBank,SMP0056661,Chlorphenamine H1-Antihistamine Action,pathway,SMPDB,dpt
DB01115,Nifedipine,drug,DrugBank,SMP0000379,Nifedipine Action Pathway,pathway,SMPDB,dpt
DB01118,Amiodarone,drug,DrugBank,SMP0000665,Amiodarone Action Pathway,pathway,SMPDB,dpt
DB01120,Gliclazide,drug,DrugBank,SMP0000461,Gliclazide Action Pathway,pathway,SMPDB,dpt
DB01129,Rabeprazole,drug,DrugBank,SMP0000616,Rabeprazole Metabolism Pathway,pathway,SMPDB,dpt
DB01129,Rabeprazole,drug,DrugBank,SMP0000229,Rabeprazole Action Pathway,pathway,SMPDB,dpt
DB01136,Carvedilol,drug,DrugBank,SMP0000367,Carvedilol Action Pathway,pathway,SMPDB,dpt
DB01142,Doxepin,drug,DrugBank,SMP0059872,Doxepin H1-Antihistamine Action,pathway,SMPDB,dpt
DB01142,Doxepin,drug,DrugBank,SMP0000641,Doxepin Metabolism Pathway,pathway,SMPDB,dpt
DB01146,Diphenylpyraline,drug,DrugBank,SMP0058908,Diphenylpyraline H1-Antihistamine Action,pathway,SMPDB,dpt
DB01151,Desipramine,drug,DrugBank,SMP0000422,Imipramine Action Pathway,pathway,SMPDB,dpt
DB01151,Desipramine,drug,DrugBank,SMP0000423,Desipramine Action Pathway,pathway,SMPDB,dpt
DB01151,Desipramine,drug,DrugBank,SMP0000625,Imipramine Metabolism Pathway,pathway,SMPDB,dpt
DB01151,Desipramine,drug,DrugBank,SMP0000626,Desipramine Metabolism Pathway,pathway,SMPDB,dpt
DB01161,Chloroprocaine,drug,DrugBank,SMP0000394,Chloroprocaine Action Pathway,pathway,SMPDB,dpt
DB01166,Cilostazol,drug,DrugBank,SMP0000263,Cilostazol Action Pathway,pathway,SMPDB,dpt
DB01173,Orphenadrine,drug,DrugBank,SMP0058808,Orphenadrine H1-Antihistamine Action,pathway,SMPDB,dpt
DB01175,Escitalopram,drug,DrugBank,SMP0000425,Escitalopram Action Pathway,pathway,SMPDB,dpt
DB01176,Cyclizine,drug,DrugBank,SMP0058923,Cyclizine H1-Antihistamine Action,pathway,SMPDB,dpt
DB01180,Rescinnamine,drug,DrugBank,SMP0000155,Rescinnamine Action Pathway,pathway,SMPDB,dpt
DB01181,Ifosfamide,drug,DrugBank,SMP0000605,Ifosfamide Metabolism Pathway,pathway,SMPDB,dpt
DB01181,Ifosfamide,drug,DrugBank,SMP0000448,Ifosfamide Action Pathway,pathway,SMPDB,dpt
DB01193,Acebutolol,drug,DrugBank,SMP0000296,Acebutolol Action Pathway,pathway,SMPDB,dpt
DB01197,Captopril,drug,DrugBank,SMP0000146,Captopril Action Pathway,pathway,SMPDB,dpt
DB01203,Nadolol,drug,DrugBank,SMP0000303,Nadolol Action Pathway,pathway,SMPDB,dpt
DB01209,Dezocine,drug,DrugBank,SMP0000676,Dezocine Action Pathway,pathway,SMPDB,dpt
DB01210,Levobunolol,drug,DrugBank,SMP0000666,Levobunolol Action Pathway,pathway,SMPDB,dpt
DB01211,Clarithromycin,drug,DrugBank,SMP0000248,Clarithromycin Action Pathway,pathway,SMPDB,dpt
DB01214,Metipranolol,drug,DrugBank,SMP0000667,Metipranolol Action Pathway,pathway,SMPDB,dpt
DB01224,Quetiapine,drug,DrugBank,SMP0062884,Quetiapine H1-Antihistamine Action,pathway,SMPDB,dpt
DB01235,Levodopa,drug,DrugBank,SMP0000170,Aromatic L-Aminoacid Decarboxylase Deficiency,pathway,SMPDB,dpt
DB01235,Levodopa,drug,DrugBank,SMP0000006,Tyrosine Metabolism,pathway,SMPDB,dpt
DB01235,Levodopa,drug,DrugBank,SMP0000012,Catecholamine Biosynthesis,pathway,SMPDB,dpt
DB01235,Levodopa,drug,DrugBank,SMP0000218,Tyrosinemia Type I,pathway,SMPDB,dpt
DB01235,Levodopa,drug,DrugBank,SMP0000429,Disulfiram Action Pathway,pathway,SMPDB,dpt
DB01235,Levodopa,drug,DrugBank,SMP0000169,Alkaptonuria,pathway,SMPDB,dpt
DB01235,Levodopa,drug,DrugBank,SMP0000190,Hawkinsinuria,pathway,SMPDB,dpt
DB01235,Levodopa,drug,DrugBank,SMP0000494,"Tyrosinemia, Transient, of the Newborn",pathway,SMPDB,dpt
DB01235,Levodopa,drug,DrugBank,SMP0000497,Tyrosine Hydroxylase Deficiency,pathway,SMPDB,dpt
DB01235,Levodopa,drug,DrugBank,SMP0000498,Dopamine beta-Hydroxylase Deficiency,pathway,SMPDB,dpt
DB01235,Levodopa,drug,DrugBank,SMP0000533,Monoamine Oxidase-A Deficiency (MAO-A),pathway,SMPDB,dpt
DB01237,Bromodiphenhydramine,drug,DrugBank,SMP0058813,Bromodiphenhydramine H1-Antihistamine Action,pathway,SMPDB,dpt
DB01248,Docetaxel,drug,DrugBank,SMP0000435,Docetaxel Action Pathway,pathway,SMPDB,dpt
DB01254,Dasatinib,drug,DrugBank,SMP0031696,Dasatinib Inhibition of BCR-ABL,pathway,SMPDB,dpt
DB01269,Panitumumab,drug,DrugBank,SMP0000475,Panitumumab Action Pathway,pathway,SMPDB,dpt
DB01283,Lumiracoxib,drug,DrugBank,SMP0000699,Lumiracoxib Action Pathway,pathway,SMPDB,dpt
DB01296,Glucosamine,drug,DrugBank,SMP0000045,Amino Sugar Metabolism,pathway,SMPDB,dpt
DB01296,Glucosamine,drug,DrugBank,SMP0000534,"G(M2)-Gangliosidosis: Variant B, Tay-Sachs Disease",pathway,SMPDB,dpt
DB01296,Glucosamine,drug,DrugBank,SMP0000216,Sialuria or French Type Sialuria,pathway,SMPDB,dpt
DB01296,Glucosamine,drug,DrugBank,SMP0000240,Salla Disease/Infantile Sialic Acid Storage Disease,pathway,SMPDB,dpt
DB01296,Glucosamine,drug,DrugBank,SMP0000390,Tay-Sachs Disease,pathway,SMPDB,dpt
DB01297,Practolol,drug,DrugBank,SMP0000669,Practolol Action Pathway,pathway,SMPDB,dpt
DB01301,Rolitetracycline,drug,DrugBank,SMP0000726,Rolitetracycline Action Pathway,pathway,SMPDB,dpt
DB01320,Fosphenytoin,drug,DrugBank,SMP0000326,Fosphenytoin (Antiarrhythmic) Action Pathway,pathway,SMPDB,dpt
DB01320,Fosphenytoin,drug,DrugBank,SMP0000618,Fosphenytoin (Antiarrhythmic) Metabolism Pathway,pathway,SMPDB,dpt
DB01321,Josamycin,drug,DrugBank,SMP0000731,Josamycin Action Pathway,pathway,SMPDB,dpt
DB01324,Polythiazide,drug,DrugBank,SMP0000080,Polythiazide Action Pathway,pathway,SMPDB,dpt
DB01325,Quinethazone,drug,DrugBank,SMP0000091,Quinethazone Action Pathway,pathway,SMPDB,dpt
DB01340,Cilazapril,drug,DrugBank,SMP0000147,Cilazapril Action Pathway,pathway,SMPDB,dpt
DB01340,Cilazapril,drug,DrugBank,SMP0000592,Cilazapril Metabolism Pathway,pathway,SMPDB,dpt
DB01345,Potassium cation,drug,DrugBank,SMP0000040,Glycolysis,pathway,SMPDB,dpt
DB01345,Potassium cation,drug,DrugBank,SMP0000081,Methyclothiazide Action Pathway,pathway,SMPDB,dpt
DB01345,Potassium cation,drug,DrugBank,SMP0000100,Hydrochlorothiazide Action Pathway,pathway,SMPDB,dpt
DB01345,Potassium cation,drug,DrugBank,SMP0000105,Metolazone Action Pathway,pathway,SMPDB,dpt
DB01345,Potassium cation,drug,DrugBank,SMP0000115,Furosemide Action Pathway,pathway,SMPDB,dpt
DB01345,Potassium cation,drug,DrugBank,SMP0000118,Torsemide Action Pathway,pathway,SMPDB,dpt
DB01345,Potassium cation,drug,DrugBank,SMP0000132,Triamterene Action Pathway,pathway,SMPDB,dpt
DB01345,Potassium cation,drug,DrugBank,SMP0000167,Adenylosuccinate Lyase Deficiency,pathway,SMPDB,dpt
DB01345,Potassium cation,drug,DrugBank,SMP0000189,Hartnup Disorder,pathway,SMPDB,dpt
DB01345,Potassium cation,drug,DrugBank,SMP0000197,Lysinuric Protein Intolerance,pathway,SMPDB,dpt
DB01345,Potassium cation,drug,DrugBank,SMP0000214,S-Adenosylhomocysteine (SAH) Hydrolase Deficiency,pathway,SMPDB,dpt
DB01345,Potassium cation,drug,DrugBank,SMP0000220,Xanthine Dehydrogenase Deficiency (Xanthinuria),pathway,SMPDB,dpt
DB01345,Potassium cation,drug,DrugBank,SMP0000222,Glycine N-Methyltransferase Deficiency,pathway,SMPDB,dpt
DB01345,Potassium cation,drug,DrugBank,SMP0000225,Esomeprazole Action Pathway,pathway,SMPDB,dpt
DB01345,Potassium cation,drug,DrugBank,SMP0000226,Omeprazole Action Pathway,pathway,SMPDB,dpt
DB01345,Potassium cation,drug,DrugBank,SMP0000227,Lansoprazole Action Pathway,pathway,SMPDB,dpt
DB01345,Potassium cation,drug,DrugBank,SMP0000228,Pantoprazole Action Pathway,pathway,SMPDB,dpt
DB01345,Potassium cation,drug,DrugBank,SMP0000229,Rabeprazole Action Pathway,pathway,SMPDB,dpt
DB01345,Potassium cation,drug,DrugBank,SMP0000230,Ranitidine Action Pathway,pathway,SMPDB,dpt
DB01345,Potassium cation,drug,DrugBank,SMP0000231,Famotidine Action Pathway,pathway,SMPDB,dpt
DB01345,Potassium cation,drug,DrugBank,SMP0000246,Pirenzepine Action Pathway,pathway,SMPDB,dpt
DB01345,Potassium cation,drug,DrugBank,SMP0000297,Alprenolol Action Pathway,pathway,SMPDB,dpt
DB01345,Potassium cation,drug,DrugBank,SMP0000324,Procainamide (Antiarrhythmic) Action Pathway,pathway,SMPDB,dpt
DB01345,Potassium cation,drug,DrugBank,SMP0000328,Lidocaine (Antiarrhythmic) Action Pathway,pathway,SMPDB,dpt
DB01345,Potassium cation,drug,DrugBank,SMP0000340,Methylenetetrahydrofolate Reductase Deficiency (MTHFRD),pathway,SMPDB,dpt
DB01345,Potassium cation,drug,DrugBank,SMP0000341,Hypermethioninemia,pathway,SMPDB,dpt
DB01345,Potassium cation,drug,DrugBank,SMP0000380,Nimodipine Action Pathway,pathway,SMPDB,dpt
DB01345,Potassium cation,drug,DrugBank,SMP0000381,Nisoldipine Action Pathway,pathway,SMPDB,dpt
DB01345,Potassium cation,drug,DrugBank,SMP0000392,Benzocaine Action Pathway,pathway,SMPDB,dpt
DB01348,Spirapril,drug,DrugBank,SMP0000156,Spirapril Action Pathway,pathway,SMPDB,dpt
DB01348,Spirapril,drug,DrugBank,SMP0000598,Spirapril Metabolism Pathway,pathway,SMPDB,dpt
DB01359,Penbutolol,drug,DrugBank,SMP0000305,Penbutolol Action Pathway,pathway,SMPDB,dpt
DB01399,Salsalate,drug,DrugBank,SMP0000707,Salsalate Action Pathway,pathway,SMPDB,dpt
DB01401,Choline magnesium trisalicylate,drug,DrugBank,SMP0000703,Trisalicylate-Choline Action Pathway,pathway,SMPDB,dpt
DB01412,Theobromine,drug,DrugBank,SMP0000028,Caffeine Metabolism,pathway,SMPDB,dpt
DB01418,Acenocoumarol,drug,DrugBank,SMP0000269,Acenocoumarol Action Pathway,pathway,SMPDB,dpt
DB01419,Antrafenine,drug,DrugBank,SMP0000693,Antrafenine Action Pathway,pathway,SMPDB,dpt
DB01421,Paromomycin,drug,DrugBank,SMP0000714,Paromomycin Action Pathway,pathway,SMPDB,dpt
DB01435,Antipyrine,drug,DrugBank,SMP0000692,Antipyrine Action Pathway,pathway,SMPDB,dpt
DB01580,Oxprenolol,drug,DrugBank,SMP0000304,Oxprenolol Action Pathway,pathway,SMPDB,dpt
DB01592,Iron,drug,DrugBank,SMP0000010,Nucleotide Sugars Metabolism,pathway,SMPDB,dpt
DB01592,Iron,drug,DrugBank,SMP0000013,Cysteine Metabolism,pathway,SMPDB,dpt
DB01592,Iron,drug,DrugBank,SMP0000030,Oxidation of Branched-Chain Fatty Acids,pathway,SMPDB,dpt
DB01592,Iron,drug,DrugBank,SMP0000063,Tryptophan Metabolism,pathway,SMPDB,dpt
DB01592,Iron,drug,DrugBank,SMP0000099,Lovastatin Action Pathway,pathway,SMPDB,dpt
DB01592,Iron,drug,DrugBank,SMP0000111,Cerivastatin Action Pathway,pathway,SMPDB,dpt
DB01592,Iron,drug,DrugBank,SMP0000170,Aromatic L-Aminoacid Decarboxylase Deficiency,pathway,SMPDB,dpt
DB01592,Iron,drug,DrugBank,SMP0000206,Phenylketonuria,pathway,SMPDB,dpt
DB01592,Iron,drug,DrugBank,SMP0000209,Hypercholesterolemia,pathway,SMPDB,dpt
DB01592,Iron,drug,DrugBank,SMP0000316,Zellweger Syndrome,pathway,SMPDB,dpt
DB01592,Iron,drug,DrugBank,SMP0000336,Vitamin A Deficiency,pathway,SMPDB,dpt
DB01592,Iron,drug,DrugBank,SMP0000342,Hereditary Coproporphyria (HCP),pathway,SMPDB,dpt
DB01592,Iron,drug,DrugBank,SMP0000345,Congenital Erythropoietic Porphyria (CEP) or Gunther Disease,pathway,SMPDB,dpt
DB01592,Iron,drug,DrugBank,SMP0000388,"Chondrodysplasia Punctata II, X-Linked Dominant (CDPX2)",pathway,SMPDB,dpt
DB01592,Iron,drug,DrugBank,SMP0000389,Smith-Lemli-Opitz Syndrome (SLOS),pathway,SMPDB,dpt
DB01592,Iron,drug,DrugBank,SMP0000496,Galactosemia III,pathway,SMPDB,dpt
DB01592,Iron,drug,DrugBank,SMP0000510,Mevalonic Aciduria,pathway,SMPDB,dpt
DB01592,Iron,drug,DrugBank,SMP0000518,Glucose-6-phosphate Dehydrogenase Deficiency,pathway,SMPDB,dpt
DB01592,Iron,drug,DrugBank,SMP0000579,Congenital Disorder of Glycosylation CDG-IId,pathway,SMPDB,dpt
DB01592,Iron,drug,DrugBank,SMP0000722,"Cystinosis, Ocular Nonnephropathic",pathway,SMPDB,dpt
DB01592,Iron,drug,DrugBank,SMP0002295,The Oncogenic Action of Fumarate,pathway,SMPDB,dpt
DB01592,Iron,drug,DrugBank,SMP0000006,Tyrosine Metabolism,pathway,SMPDB,dpt
DB01592,Iron,drug,DrugBank,SMP0000011,Inositol Metabolism,pathway,SMPDB,dpt
DB01592,Iron,drug,DrugBank,SMP0000012,Catecholamine Biosynthesis,pathway,SMPDB,dpt
DB01592,Iron,drug,DrugBank,SMP0000021,Taurine and Hypotaurine Metabolism,pathway,SMPDB,dpt
DB01592,Iron,drug,DrugBank,SMP0000024,Porphyrin Metabolism,pathway,SMPDB,dpt
DB01592,Iron,drug,DrugBank,SMP0000031,Pentose Phosphate Pathway,pathway,SMPDB,dpt
DB01592,Iron,drug,DrugBank,SMP0000043,Galactose Metabolism,pathway,SMPDB,dpt
DB01592,Iron,drug,DrugBank,SMP0000046,Pyrimidine Metabolism,pathway,SMPDB,dpt
DB01592,Iron,drug,DrugBank,SMP0000082,Simvastatin Action Pathway,pathway,SMPDB,dpt
DB01593,Zinc,drug,DrugBank,SMP0000005,Pterine Biosynthesis,pathway,SMPDB,dpt
DB01593,Zinc,drug,DrugBank,SMP0000007,beta-Alanine Metabolism,pathway,SMPDB,dpt
DB01593,Zinc,drug,DrugBank,SMP0000017,Vitamin B6 Metabolism,pathway,SMPDB,dpt
DB01593,Zinc,drug,DrugBank,SMP0000033,Methionine Metabolism,pathway,SMPDB,dpt
DB01593,Zinc,drug,DrugBank,SMP0000067,Aspartate Metabolism,pathway,SMPDB,dpt
DB01593,Zinc,drug,DrugBank,SMP0000074,Retinol Metabolism,pathway,SMPDB,dpt
DB01593,Zinc,drug,DrugBank,SMP0000077,Piroxicam Action Pathway,pathway,SMPDB,dpt
DB01593,Zinc,drug,DrugBank,SMP0000087,Rofecoxib Action Pathway,pathway,SMPDB,dpt
DB01593,Zinc,drug,DrugBank,SMP0000093,Diclofenac Action Pathway,pathway,SMPDB,dpt
DB01593,Zinc,drug,DrugBank,SMP0000094,Sulindac Action Pathway,pathway,SMPDB,dpt
DB01593,Zinc,drug,DrugBank,SMP0000114,Nabumetone Action Pathway,pathway,SMPDB,dpt
DB01593,Zinc,drug,DrugBank,SMP0000116,Valdecoxib Action Pathway,pathway,SMPDB,dpt
DB01593,Zinc,drug,DrugBank,SMP0000136,2-Hydroxyglutric Aciduria (D and L Form),pathway,SMPDB,dpt
DB01593,Zinc,drug,DrugBank,SMP0000144,Adenosine Deaminase Deficiency,pathway,SMPDB,dpt
DB01593,Zinc,drug,DrugBank,SMP0000145,Benazepril Action Pathway,pathway,SMPDB,dpt
DB01593,Zinc,drug,DrugBank,SMP0000153,Quinapril Action Pathway,pathway,SMPDB,dpt
DB01593,Zinc,drug,DrugBank,SMP0000154,Ramipril Action Pathway,pathway,SMPDB,dpt
DB01593,Zinc,drug,DrugBank,SMP0000155,Rescinnamine Action Pathway,pathway,SMPDB,dpt
DB01593,Zinc,drug,DrugBank,SMP0000159,Eprosartan Action Pathway,pathway,SMPDB,dpt
DB01593,Zinc,drug,DrugBank,SMP0000161,Irbesartan Action Pathway,pathway,SMPDB,dpt
DB01593,Zinc,drug,DrugBank,SMP0000162,Losartan Action Pathway,pathway,SMPDB,dpt
DB01593,Zinc,drug,DrugBank,SMP0000165,Valsartan Action Pathway,pathway,SMPDB,dpt
DB01593,Zinc,drug,DrugBank,SMP0000168,AICA-Ribosiduria,pathway,SMPDB,dpt
DB01593,Zinc,drug,DrugBank,SMP0000169,Alkaptonuria,pathway,SMPDB,dpt
DB01593,Zinc,drug,DrugBank,SMP0000172,beta-Ureidopropionase Deficiency,pathway,SMPDB,dpt
DB01593,Zinc,drug,DrugBank,SMP0000175,Canavan Disease,pathway,SMPDB,dpt
DB01593,Zinc,drug,DrugBank,SMP0000178,Dihydropyrimidinase Deficiency,pathway,SMPDB,dpt
DB01593,Zinc,drug,DrugBank,SMP0000182,Galactosemia,pathway,SMPDB,dpt
DB01593,Zinc,drug,DrugBank,SMP0000183,gamma-Glutamyltransferase Deficiency,pathway,SMPDB,dpt
DB01593,Zinc,drug,DrugBank,SMP0000190,Hawkinsinuria,pathway,SMPDB,dpt
DB01600,Tiaprofenic acid,drug,DrugBank,SMP0000705,Tiaprofenic Acid Action Pathway,pathway,SMPDB,dpt
DB01619,Phenindamine,drug,DrugBank,SMP0061190,Phenindamine H1-Antihistamine Action,pathway,SMPDB,dpt
DB01620,Pheniramine,drug,DrugBank,SMP0056662,Pheniramine H1-Antihistamine Action,pathway,SMPDB,dpt
DB01628,Etoricoxib,drug,DrugBank,SMP0000695,Etoricoxib Action Pathway,pathway,SMPDB,dpt
DB01638,Sorbitol,drug,DrugBank,SMP0000182,Galactosemia,pathway,SMPDB,dpt
DB01638,Sorbitol,drug,DrugBank,SMP0000064,Fructose and Mannose Degradation,pathway,SMPDB,dpt
DB01638,Sorbitol,drug,DrugBank,SMP0000043,Galactose Metabolism,pathway,SMPDB,dpt
DB01638,Sorbitol,drug,DrugBank,SMP0000561,Fructosuria,pathway,SMPDB,dpt
DB01638,Sorbitol,drug,DrugBank,SMP0000725,"Fructose Intolerance, Hereditary",pathway,SMPDB,dpt
DB01839,Propylene glycol,drug,DrugBank,SMP0000559,Pyruvate Kinase Deficiency,pathway,SMPDB,dpt
DB01839,Propylene glycol,drug,DrugBank,SMP0000060,Pyruvate Metabolism,pathway,SMPDB,dpt
DB01839,Propylene glycol,drug,DrugBank,SMP0000196,Leigh Syndrome,pathway,SMPDB,dpt
DB01839,Propylene glycol,drug,DrugBank,SMP0000212,Pyruvate Dehydrogenase Complex Deficiency,pathway,SMPDB,dpt
DB01839,Propylene glycol,drug,DrugBank,SMP0000334,Pyruvate Decarboxylase E1 Component Deficiency (PDHE1 Deficiency),pathway,SMPDB,dpt
DB01839,Propylene glycol,drug,DrugBank,SMP0000558,"Primary Hyperoxaluria II, PH2",pathway,SMPDB,dpt
DB02056,Prostaglandin D2,drug,DrugBank,SMP0000077,Piroxicam Action Pathway,pathway,SMPDB,dpt
DB02056,Prostaglandin D2,drug,DrugBank,SMP0000087,Rofecoxib Action Pathway,pathway,SMPDB,dpt
DB02056,Prostaglandin D2,drug,DrugBank,SMP0000093,Diclofenac Action Pathway,pathway,SMPDB,dpt
DB02056,Prostaglandin D2,drug,DrugBank,SMP0000094,Sulindac Action Pathway,pathway,SMPDB,dpt
DB02056,Prostaglandin D2,drug,DrugBank,SMP0000114,Nabumetone Action Pathway,pathway,SMPDB,dpt
DB02056,Prostaglandin D2,drug,DrugBank,SMP0000116,Valdecoxib Action Pathway,pathway,SMPDB,dpt
DB02056,Prostaglandin D2,drug,DrugBank,SMP0000692,Antipyrine Action Pathway,pathway,SMPDB,dpt
DB02056,Prostaglandin D2,drug,DrugBank,SMP0000697,Flurbiprofen Action Pathway,pathway,SMPDB,dpt
DB02056,Prostaglandin D2,drug,DrugBank,SMP0000702,Nepafenac Action Pathway,pathway,SMPDB,dpt
DB02056,Prostaglandin D2,drug,DrugBank,SMP0000084,Etodolac Action Pathway,pathway,SMPDB,dpt
DB02056,Prostaglandin D2,drug,DrugBank,SMP0000085,Ketoprofen Action Pathway,pathway,SMPDB,dpt
DB02056,Prostaglandin D2,drug,DrugBank,SMP0000086,Ibuprofen Action Pathway,pathway,SMPDB,dpt
DB02056,Prostaglandin D2,drug,DrugBank,SMP0000096,Celecoxib Action Pathway,pathway,SMPDB,dpt
DB02056,Prostaglandin D2,drug,DrugBank,SMP0000101,Suprofen Action Pathway,pathway,SMPDB,dpt
DB02056,Prostaglandin D2,drug,DrugBank,SMP0000104,Indomethacin Action Pathway,pathway,SMPDB,dpt
DB02056,Prostaglandin D2,drug,DrugBank,SMP0000289,Diflunisal Action Pathway,pathway,SMPDB,dpt
DB02056,Prostaglandin D2,drug,DrugBank,SMP0000353,Leukotriene C4 Synthesis Deficiency,pathway,SMPDB,dpt
DB02056,Prostaglandin D2,drug,DrugBank,SMP0000693,Antrafenine Action Pathway,pathway,SMPDB,dpt
DB02056,Prostaglandin D2,drug,DrugBank,SMP0000696,Fenoprofen Action Pathway,pathway,SMPDB,dpt
DB02056,Prostaglandin D2,drug,DrugBank,SMP0000698,Magnesium Salicylate Action Pathway,pathway,SMPDB,dpt
DB02056,Prostaglandin D2,drug,DrugBank,SMP0000700,Lornoxicam Action Pathway,pathway,SMPDB,dpt
DB02056,Prostaglandin D2,drug,DrugBank,SMP0000703,Trisalicylate-Choline Action Pathway,pathway,SMPDB,dpt
DB02056,Prostaglandin D2,drug,DrugBank,SMP0000704,Tolmetin Action Pathway,pathway,SMPDB,dpt
DB02056,Prostaglandin D2,drug,DrugBank,SMP0000705,Tiaprofenic Acid Action Pathway,pathway,SMPDB,dpt
DB02056,Prostaglandin D2,drug,DrugBank,SMP0000706,Tenoxicam Action Pathway,pathway,SMPDB,dpt
DB02056,Prostaglandin D2,drug,DrugBank,SMP0000709,Salicylic Acid Action Pathway,pathway,SMPDB,dpt
DB02056,Prostaglandin D2,drug,DrugBank,SMP0000075,Arachidonic Acid Metabolism,pathway,SMPDB,dpt
DB02056,Prostaglandin D2,drug,DrugBank,SMP0000083,Acetylsalicylic Acid Action Pathway,pathway,SMPDB,dpt
DB02056,Prostaglandin D2,drug,DrugBank,SMP0000098,Ketorolac Action Pathway,pathway,SMPDB,dpt
DB02056,Prostaglandin D2,drug,DrugBank,SMP0000102,Bromfenac Action Pathway,pathway,SMPDB,dpt
DB02262,Orotic acid,drug,DrugBank,SMP0000046,Pyrimidine Metabolism,pathway,SMPDB,dpt
DB02262,Orotic acid,drug,DrugBank,SMP0000202,MNGIE (Mitochondrial Neurogastrointestinal Encephalopathy),pathway,SMPDB,dpt
DB02262,Orotic acid,drug,DrugBank,SMP0000172,beta-Ureidopropionase Deficiency,pathway,SMPDB,dpt
DB02262,Orotic acid,drug,DrugBank,SMP0000178,Dihydropyrimidinase Deficiency,pathway,SMPDB,dpt
DB02262,Orotic acid,drug,DrugBank,SMP0000219,UMP Synthase Deficiency (Orotic Aciduria),pathway,SMPDB,dpt
DB02530,gamma-Aminobutyric acid,drug,DrugBank,SMP0000385,Homocarnosinosis,pathway,SMPDB,dpt
DB02530,gamma-Aminobutyric acid,drug,DrugBank,SMP0000072,Glutamate Metabolism,pathway,SMPDB,dpt
DB02530,gamma-Aminobutyric acid,drug,DrugBank,SMP0000339,Hyperinsulinism-Hyperammonemia Syndrome,pathway,SMPDB,dpt
DB02530,gamma-Aminobutyric acid,drug,DrugBank,SMP0000136,2-Hydroxyglutric Aciduria (D and L Form),pathway,SMPDB,dpt
DB02530,gamma-Aminobutyric acid,drug,DrugBank,SMP0000243,4-Hydroxybutyric Aciduria/Succinic Semialdehyde Dehydrogenase Deficiency,pathway,SMPDB,dpt
DB02530,gamma-Aminobutyric acid,drug,DrugBank,SMP0000567,Succinic Semialdehyde Dehydrogenase Deficiency,pathway,SMPDB,dpt
DB02659,Cholic Acid,drug,DrugBank,SMP0000316,Zellweger Syndrome,pathway,SMPDB,dpt
DB02659,Cholic Acid,drug,DrugBank,SMP0000314,Congenital Bile Acid Synthesis Defect Type II,pathway,SMPDB,dpt
DB02659,Cholic Acid,drug,DrugBank,SMP0000720,27-Hydroxylase Deficiency,pathway,SMPDB,dpt
DB02659,Cholic Acid,drug,DrugBank,SMP0000035,Bile Acid Biosynthesis,pathway,SMPDB,dpt
DB02659,Cholic Acid,drug,DrugBank,SMP0000315,Cerebrotendinous Xanthomatosis (CTX),pathway,SMPDB,dpt
DB02659,Cholic Acid,drug,DrugBank,SMP0000317,Familial Hypercholanemia (FHCA),pathway,SMPDB,dpt
DB02659,Cholic Acid,drug,DrugBank,SMP0000318,Congenital Bile Acid Synthesis Defect Type III,pathway,SMPDB,dpt
DB02701,Nicotinamide,drug,DrugBank,SMP0000048,Nicotinate and Nicotinamide Metabolism,pathway,SMPDB,dpt
DB03088,Pidolic acid,drug,DrugBank,SMP0000501,gamma-Glutamyltranspeptidase Deficiency,pathway,SMPDB,dpt
DB03088,Pidolic acid,drug,DrugBank,SMP0000183,gamma-Glutamyltransferase Deficiency,pathway,SMPDB,dpt
DB03088,Pidolic acid,drug,DrugBank,SMP0000500,5-Oxoprolinase Deficiency,pathway,SMPDB,dpt
DB03088,Pidolic acid,drug,DrugBank,SMP0000015,Glutathione Metabolism,pathway,SMPDB,dpt
DB03088,Pidolic acid,drug,DrugBank,SMP0000143,5-Oxoprolinuria,pathway,SMPDB,dpt
DB03088,Pidolic acid,drug,DrugBank,SMP0000337,Glutathione Synthetase Deficiency,pathway,SMPDB,dpt
DB03128,Acetylcholine,drug,DrugBank,SMP0000232,Cimetidine Action Pathway,pathway,SMPDB,dpt
DB03128,Acetylcholine,drug,DrugBank,SMP0000589,Gastric Acid Production,pathway,SMPDB,dpt
DB03128,Acetylcholine,drug,DrugBank,SMP0000736,Betazole Action Pathway,pathway,SMPDB,dpt
DB03128,Acetylcholine,drug,DrugBank,SMP0000025,Phospholipid Biosynthesis,pathway,SMPDB,dpt
DB03128,Acetylcholine,drug,DrugBank,SMP0000233,Nizatidine Action Pathway,pathway,SMPDB,dpt
DB03128,Acetylcholine,drug,DrugBank,SMP0051038,Lafutidine H2-Antihistamine Action,pathway,SMPDB,dpt
DB03128,Acetylcholine,drug,DrugBank,SMP0000225,Esomeprazole Action Pathway,pathway,SMPDB,dpt
DB03128,Acetylcholine,drug,DrugBank,SMP0000226,Omeprazole Action Pathway,pathway,SMPDB,dpt
DB03128,Acetylcholine,drug,DrugBank,SMP0000227,Lansoprazole Action Pathway,pathway,SMPDB,dpt
DB03128,Acetylcholine,drug,DrugBank,SMP0000228,Pantoprazole Action Pathway,pathway,SMPDB,dpt
DB03128,Acetylcholine,drug,DrugBank,SMP0000229,Rabeprazole Action Pathway,pathway,SMPDB,dpt
DB03128,Acetylcholine,drug,DrugBank,SMP0000230,Ranitidine Action Pathway,pathway,SMPDB,dpt
DB03128,Acetylcholine,drug,DrugBank,SMP0000231,Famotidine Action Pathway,pathway,SMPDB,dpt
DB03128,Acetylcholine,drug,DrugBank,SMP0000246,Pirenzepine Action Pathway,pathway,SMPDB,dpt
DB03128,Acetylcholine,drug,DrugBank,SMP0000734,Roxatidine Acetate Action Pathway,pathway,SMPDB,dpt
DB03128,Acetylcholine,drug,DrugBank,SMP0000735,Metiamide Action Pathway,pathway,SMPDB,dpt
DB03147,Flavin adenine dinucleotide,drug,DrugBank,SMP0000015,Glutathione Metabolism,pathway,SMPDB,dpt
DB03147,Flavin adenine dinucleotide,drug,DrugBank,SMP0000028,Caffeine Metabolism,pathway,SMPDB,dpt
DB03147,Flavin adenine dinucleotide,drug,DrugBank,SMP0000032,"Valine, Leucine, and Isoleucine Degradation",pathway,SMPDB,dpt
DB03147,Flavin adenine dinucleotide,drug,DrugBank,SMP0000037,Lysine Degradation,pathway,SMPDB,dpt
DB03147,Flavin adenine dinucleotide,drug,DrugBank,SMP0000053,Folate Metabolism,pathway,SMPDB,dpt
DB03147,Flavin adenine dinucleotide,drug,DrugBank,SMP0000063,Tryptophan Metabolism,pathway,SMPDB,dpt
DB03147,Flavin adenine dinucleotide,drug,DrugBank,SMP0000070,Riboflavin Metabolism,pathway,SMPDB,dpt
DB03147,Flavin adenine dinucleotide,drug,DrugBank,SMP0000099,Lovastatin Action Pathway,pathway,SMPDB,dpt
DB03147,Flavin adenine dinucleotide,drug,DrugBank,SMP0000111,Cerivastatin Action Pathway,pathway,SMPDB,dpt
DB03147,Flavin adenine dinucleotide,drug,DrugBank,SMP0000124,Glycerol Phosphate Shuttle,pathway,SMPDB,dpt
DB03147,Flavin adenine dinucleotide,drug,DrugBank,SMP0000140,3-Methylglutaconic Aciduria Type III,pathway,SMPDB,dpt
DB03147,Flavin adenine dinucleotide,drug,DrugBank,SMP0000141,3-Methylglutaconic Aciduria Type IV,pathway,SMPDB,dpt
DB03147,Flavin adenine dinucleotide,drug,DrugBank,SMP0000143,5-Oxoprolinuria,pathway,SMPDB,dpt
DB03147,Flavin adenine dinucleotide,drug,DrugBank,SMP0000167,Adenylosuccinate Lyase Deficiency,pathway,SMPDB,dpt
DB03147,Flavin adenine dinucleotide,drug,DrugBank,SMP0000179,Dihydropyrimidine Dehydrogenase Deficiency (DHPD),pathway,SMPDB,dpt
DB03147,Flavin adenine dinucleotide,drug,DrugBank,SMP0000181,Ethylmalonic Encephalopathy,pathway,SMPDB,dpt
DB03147,Flavin adenine dinucleotide,drug,DrugBank,SMP0000185,Glutaric Aciduria Type I,pathway,SMPDB,dpt
DB03147,Flavin adenine dinucleotide,drug,DrugBank,SMP0000187,Glycerol Kinase Deficiency,pathway,SMPDB,dpt
DB03147,Flavin adenine dinucleotide,drug,DrugBank,SMP0000199,Maple Syrup Urine Disease,pathway,SMPDB,dpt
DB03147,Flavin adenine dinucleotide,drug,DrugBank,SMP0000201,Methylmalonic Aciduria Due to Cobalamin-Related Disorders,pathway,SMPDB,dpt
DB03147,Flavin adenine dinucleotide,drug,DrugBank,SMP0000206,Phenylketonuria,pathway,SMPDB,dpt
DB03147,Flavin adenine dinucleotide,drug,DrugBank,SMP0000209,Hypercholesterolemia,pathway,SMPDB,dpt
DB03147,Flavin adenine dinucleotide,drug,DrugBank,SMP0000214,S-Adenosylhomocysteine (SAH) Hydrolase Deficiency,pathway,SMPDB,dpt
DB03147,Flavin adenine dinucleotide,drug,DrugBank,SMP0000220,Xanthine Dehydrogenase Deficiency (Xanthinuria),pathway,SMPDB,dpt
DB03147,Flavin adenine dinucleotide,drug,DrugBank,SMP0000222,Glycine N-Methyltransferase Deficiency,pathway,SMPDB,dpt
DB03147,Flavin adenine dinucleotide,drug,DrugBank,SMP0000235,Short-Chain Acyl-CoA Dehydrogenase Deficiency (SCAD Deficiency),pathway,SMPDB,dpt
DB03147,Flavin adenine dinucleotide,drug,DrugBank,SMP0000236,Propionic Acidemia,pathway,SMPDB,dpt
DB03147,Flavin adenine dinucleotide,drug,DrugBank,SMP0000237,3-Methylcrotonyl-CoA Carboxylase Deficiency Type I,pathway,SMPDB,dpt
DB03147,Flavin adenine dinucleotide,drug,DrugBank,SMP0000238,Isovaleric Aciduria,pathway,SMPDB,dpt
DB03147,Flavin adenine dinucleotide,drug,DrugBank,SMP0000242,Dimethylglycine Dehydrogenase Deficiency,pathway,SMPDB,dpt
DB03166,Acetic acid,drug,DrugBank,SMP0000067,Aspartate Metabolism,pathway,SMPDB,dpt
DB03166,Acetic acid,drug,DrugBank,SMP0000175,Canavan Disease,pathway,SMPDB,dpt
DB03166,Acetic acid,drug,DrugBank,SMP0000192,Hypoacetylaspartia,pathway,SMPDB,dpt
DB03166,Acetic acid,drug,DrugBank,SMP0000045,Amino Sugar Metabolism,pathway,SMPDB,dpt
DB03166,Acetic acid,drug,DrugBank,SMP0000449,Ethanol Degradation,pathway,SMPDB,dpt
DB03166,Acetic acid,drug,DrugBank,SMP0000534,"G(M2)-Gangliosidosis: Variant B, Tay-Sachs Disease",pathway,SMPDB,dpt
DB03166,Acetic acid,drug,DrugBank,SMP0000559,Pyruvate Kinase Deficiency,pathway,SMPDB,dpt
DB03166,Acetic acid,drug,DrugBank,SMP0000623,Heroin Metabolism Pathway,pathway,SMPDB,dpt
DB03166,Acetic acid,drug,DrugBank,SMP0000060,Pyruvate Metabolism,pathway,SMPDB,dpt
DB03166,Acetic acid,drug,DrugBank,SMP0000196,Leigh Syndrome,pathway,SMPDB,dpt
DB03166,Acetic acid,drug,DrugBank,SMP0000212,Pyruvate Dehydrogenase Complex Deficiency,pathway,SMPDB,dpt
DB03166,Acetic acid,drug,DrugBank,SMP0000216,Sialuria or French Type Sialuria,pathway,SMPDB,dpt
DB03166,Acetic acid,drug,DrugBank,SMP0000240,Salla Disease/Infantile Sialic Acid Storage Disease,pathway,SMPDB,dpt
DB03166,Acetic acid,drug,DrugBank,SMP0000334,Pyruvate Decarboxylase E1 Component Deficiency (PDHE1 Deficiency),pathway,SMPDB,dpt
DB03166,Acetic acid,drug,DrugBank,SMP0000390,Tay-Sachs Disease,pathway,SMPDB,dpt
DB03166,Acetic acid,drug,DrugBank,SMP0000407,Heroin Action Pathway,pathway,SMPDB,dpt
DB03166,Acetic acid,drug,DrugBank,SMP0000429,Disulfiram Action Pathway,pathway,SMPDB,dpt
DB03166,Acetic acid,drug,DrugBank,SMP0000456,Fatty Acid Biosynthesis,pathway,SMPDB,dpt
DB03166,Acetic acid,drug,DrugBank,SMP0000558,"Primary Hyperoxaluria II, PH2",pathway,SMPDB,dpt
DB03175,Propyl alcohol,drug,DrugBank,SMP0000532,Sulfite Oxidase Deficiency,pathway,SMPDB,dpt
DB03175,Propyl alcohol,drug,DrugBank,SMP0000041,Sulfate/Sulfite Metabolism,pathway,SMPDB,dpt
DB03247,Flavin mononucleotide,drug,DrugBank,SMP0000070,Riboflavin Metabolism,pathway,SMPDB,dpt
DB03247,Flavin mononucleotide,drug,DrugBank,SMP0000362,Arginine: Glycine Amidinotransferase Deficiency (AGAT Deficiency),pathway,SMPDB,dpt
DB03247,Flavin mononucleotide,drug,DrugBank,SMP0000493,"Carnosinuria, Carnosinemia",pathway,SMPDB,dpt
DB03247,Flavin mononucleotide,drug,DrugBank,SMP0000504,"Creatine Deficiency, Guanidinoacetate Methyltransferase Deficiency",pathway,SMPDB,dpt
DB03247,Flavin mononucleotide,drug,DrugBank,SMP0000505,Hyperornithinemia with Gyrate Atrophy (HOGA),pathway,SMPDB,dpt
DB03247,Flavin mononucleotide,drug,DrugBank,SMP0000650,Doxorubicin Metabolism Pathway,pathway,SMPDB,dpt
DB03247,Flavin mononucleotide,drug,DrugBank,SMP0000020,Arginine and Proline Metabolism,pathway,SMPDB,dpt
DB03247,Flavin mononucleotide,drug,DrugBank,SMP0000046,Pyrimidine Metabolism,pathway,SMPDB,dpt
DB03247,Flavin mononucleotide,drug,DrugBank,SMP0000188,Guanidinoacetate Methyltransferase Deficiency (GAMT Deficiency),pathway,SMPDB,dpt
DB03247,Flavin mononucleotide,drug,DrugBank,SMP0000202,MNGIE (Mitochondrial Neurogastrointestinal Encephalopathy),pathway,SMPDB,dpt
DB03247,Flavin mononucleotide,drug,DrugBank,SMP0000360,Hyperprolinemia Type II,pathway,SMPDB,dpt
DB03247,Flavin mononucleotide,drug,DrugBank,SMP0000361,Hyperprolinemia Type I,pathway,SMPDB,dpt
DB03247,Flavin mononucleotide,drug,DrugBank,SMP0000507,L-Arginine:Glycine Amidinotransferase Deficiency,pathway,SMPDB,dpt
DB03247,Flavin mononucleotide,drug,DrugBank,SMP0000007,beta-Alanine Metabolism,pathway,SMPDB,dpt
DB03247,Flavin mononucleotide,drug,DrugBank,SMP0000017,Vitamin B6 Metabolism,pathway,SMPDB,dpt
DB03247,Flavin mononucleotide,drug,DrugBank,SMP0000027,Pantothenate and CoA Biosynthesis,pathway,SMPDB,dpt
DB03247,Flavin mononucleotide,drug,DrugBank,SMP0000172,beta-Ureidopropionase Deficiency,pathway,SMPDB,dpt
DB03247,Flavin mononucleotide,drug,DrugBank,SMP0000178,Dihydropyrimidinase Deficiency,pathway,SMPDB,dpt
DB03247,Flavin mononucleotide,drug,DrugBank,SMP0000207,Prolidase Deficiency (PD),pathway,SMPDB,dpt
DB03247,Flavin mononucleotide,drug,DrugBank,SMP0000208,Prolinemia Type II,pathway,SMPDB,dpt
DB03247,Flavin mononucleotide,drug,DrugBank,SMP0000219,UMP Synthase Deficiency (Orotic Aciduria),pathway,SMPDB,dpt
DB03247,Flavin mononucleotide,drug,DrugBank,SMP0000351,GABA-Transaminase Deficiency,pathway,SMPDB,dpt
DB03247,Flavin mononucleotide,drug,DrugBank,SMP0000363,Ornithine Aminotransferase Deficiency (OAT Deficiency),pathway,SMPDB,dpt
DB03247,Flavin mononucleotide,drug,DrugBank,SMP0000503,Hypophosphatasia,pathway,SMPDB,dpt
DB03247,Flavin mononucleotide,drug,DrugBank,SMP0000506,Hyperornithinemia-Hyperammonemia-Homocitrullinuria [HHH-syndrome],pathway,SMPDB,dpt
DB03247,Flavin mononucleotide,drug,DrugBank,SMP0063777,Nitric Oxide Signaling Pathway,pathway,SMPDB,dpt
DB03796,Palmitic Acid,drug,DrugBank,SMP0000099,Lovastatin Action Pathway,pathway,SMPDB,dpt
DB03796,Palmitic Acid,drug,DrugBank,SMP0000111,Cerivastatin Action Pathway,pathway,SMPDB,dpt
DB03796,Palmitic Acid,drug,DrugBank,SMP0000181,Ethylmalonic Encephalopathy,pathway,SMPDB,dpt
DB03796,Palmitic Acid,drug,DrugBank,SMP0000185,Glutaric Aciduria Type I,pathway,SMPDB,dpt
DB03796,Palmitic Acid,drug,DrugBank,SMP0000187,Glycerol Kinase Deficiency,pathway,SMPDB,dpt
DB03796,Palmitic Acid,drug,DrugBank,SMP0000209,Hypercholesterolemia,pathway,SMPDB,dpt
DB03796,Palmitic Acid,drug,DrugBank,SMP0000235,Short-Chain Acyl-CoA Dehydrogenase Deficiency (SCAD Deficiency),pathway,SMPDB,dpt
DB03796,Palmitic Acid,drug,DrugBank,SMP0000316,Zellweger Syndrome,pathway,SMPDB,dpt
DB03796,Palmitic Acid,drug,DrugBank,SMP0000388,"Chondrodysplasia Punctata II, X-Linked Dominant (CDPX2)",pathway,SMPDB,dpt
DB03796,Palmitic Acid,drug,DrugBank,SMP0000389,Smith-Lemli-Opitz Syndrome (SLOS),pathway,SMPDB,dpt
DB03796,Palmitic Acid,drug,DrugBank,SMP0000510,Mevalonic Aciduria,pathway,SMPDB,dpt
DB03796,Palmitic Acid,drug,DrugBank,SMP0000542,Medium Chain Acyl-CoA Dehydrogenase Deficiency (MCAD),pathway,SMPDB,dpt
DB03796,Palmitic Acid,drug,DrugBank,SMP0000023,Steroid Biosynthesis,pathway,SMPDB,dpt
DB03796,Palmitic Acid,drug,DrugBank,SMP0000035,Bile Acid Biosynthesis,pathway,SMPDB,dpt
DB03796,Palmitic Acid,drug,DrugBank,SMP0000079,Ibandronate Action Pathway,pathway,SMPDB,dpt
DB03796,Palmitic Acid,drug,DrugBank,SMP0000095,Alendronate Action Pathway,pathway,SMPDB,dpt
DB03796,Palmitic Acid,drug,DrugBank,SMP0000112,Risedronate Action Pathway,pathway,SMPDB,dpt
DB03796,Palmitic Acid,drug,DrugBank,SMP0000131,Atorvastatin Action Pathway,pathway,SMPDB,dpt
DB03796,Palmitic Acid,drug,DrugBank,SMP0000315,Cerebrotendinous Xanthomatosis (CTX),pathway,SMPDB,dpt
DB03796,Palmitic Acid,drug,DrugBank,SMP0000317,Familial Hypercholanemia (FHCA),pathway,SMPDB,dpt
DB03796,Palmitic Acid,drug,DrugBank,SMP0000318,Congenital Bile Acid Synthesis Defect Type III,pathway,SMPDB,dpt
DB03796,Palmitic Acid,drug,DrugBank,SMP0000386,Desmosterolosis,pathway,SMPDB,dpt
DB03796,Palmitic Acid,drug,DrugBank,SMP0000387,CHILD Syndrome,pathway,SMPDB,dpt
DB03796,Palmitic Acid,drug,DrugBank,SMP0000509,Hyper-IgD Syndrome,pathway,SMPDB,dpt
DB03796,Palmitic Acid,drug,DrugBank,SMP0000511,Wolman Disease,pathway,SMPDB,dpt
DB03796,Palmitic Acid,drug,DrugBank,SMP0000529,D-Glyceric Acidura,pathway,SMPDB,dpt
DB03796,Palmitic Acid,drug,DrugBank,SMP0000539,Long Chain Acyl-CoA Dehydrogenase Deficiency (LCAD),pathway,SMPDB,dpt
DB03796,Palmitic Acid,drug,DrugBank,SMP0000541,Carnitine Palmitoyl Transferase Deficiency II,pathway,SMPDB,dpt
DB03796,Palmitic Acid,drug,DrugBank,SMP0000544,Long-Chain-3-Hydroxyacyl-CoA Dehydrogenase Deficiency (LCHAD),pathway,SMPDB,dpt
DB03796,Palmitic Acid,drug,DrugBank,SMP0000039,Glycerolipid Metabolism,pathway,SMPDB,dpt
DB03904,Urea,drug,DrugBank,SMP0000081,Methyclothiazide Action Pathway,pathway,SMPDB,dpt
DB03904,Urea,drug,DrugBank,SMP0000100,Hydrochlorothiazide Action Pathway,pathway,SMPDB,dpt
DB03904,Urea,drug,DrugBank,SMP0000105,Metolazone Action Pathway,pathway,SMPDB,dpt
DB03904,Urea,drug,DrugBank,SMP0000115,Furosemide Action Pathway,pathway,SMPDB,dpt
DB03904,Urea,drug,DrugBank,SMP0000118,Torsemide Action Pathway,pathway,SMPDB,dpt
DB03904,Urea,drug,DrugBank,SMP0000132,Triamterene Action Pathway,pathway,SMPDB,dpt
DB03904,Urea,drug,DrugBank,SMP0000189,Hartnup Disorder,pathway,SMPDB,dpt
DB03904,Urea,drug,DrugBank,SMP0000197,Lysinuric Protein Intolerance,pathway,SMPDB,dpt
DB03904,Urea,drug,DrugBank,SMP0000362,Arginine: Glycine Amidinotransferase Deficiency (AGAT Deficiency),pathway,SMPDB,dpt
DB03904,Urea,drug,DrugBank,SMP0000504,"Creatine Deficiency, Guanidinoacetate Methyltransferase Deficiency",pathway,SMPDB,dpt
DB03904,Urea,drug,DrugBank,SMP0000505,Hyperornithinemia with Gyrate Atrophy (HOGA),pathway,SMPDB,dpt
DB03904,Urea,drug,DrugBank,SMP0000583,Blue Diaper Syndrome,pathway,SMPDB,dpt
DB03904,Urea,drug,DrugBank,SMP0000723,Cystinuria,pathway,SMPDB,dpt
DB03904,Urea,drug,DrugBank,SMP0000002,Carbamoyl Phosphate Synthetase Deficiency,pathway,SMPDB,dpt
DB03904,Urea,drug,DrugBank,SMP0000003,Argininosuccinic Aciduria,pathway,SMPDB,dpt
DB03904,Urea,drug,DrugBank,SMP0000020,Arginine and Proline Metabolism,pathway,SMPDB,dpt
DB03904,Urea,drug,DrugBank,SMP0000036,D-Arginine and D-Ornithine Metabolism,pathway,SMPDB,dpt
DB03904,Urea,drug,DrugBank,SMP0000080,Polythiazide Action Pathway,pathway,SMPDB,dpt
DB03904,Urea,drug,DrugBank,SMP0000088,Bumetanide Action Pathway,pathway,SMPDB,dpt
DB03904,Urea,drug,DrugBank,SMP0000091,Quinethazone Action Pathway,pathway,SMPDB,dpt
DB03904,Urea,drug,DrugBank,SMP0000110,Indapamide Action Pathway,pathway,SMPDB,dpt
DB03904,Urea,drug,DrugBank,SMP0000121,Trichlormethiazide Action Pathway,pathway,SMPDB,dpt
DB03904,Urea,drug,DrugBank,SMP0000134,Spironolactone Action Pathway,pathway,SMPDB,dpt
DB03904,Urea,drug,DrugBank,SMP0000135,Eplerenone Action Pathway,pathway,SMPDB,dpt
DB03904,Urea,drug,DrugBank,SMP0000188,Guanidinoacetate Methyltransferase Deficiency (GAMT Deficiency),pathway,SMPDB,dpt
DB03904,Urea,drug,DrugBank,SMP0000360,Hyperprolinemia Type II,pathway,SMPDB,dpt
DB03904,Urea,drug,DrugBank,SMP0000361,Hyperprolinemia Type I,pathway,SMPDB,dpt
DB03904,Urea,drug,DrugBank,SMP0000507,L-Arginine:Glycine Amidinotransferase Deficiency,pathway,SMPDB,dpt
DB03904,Urea,drug,DrugBank,SMP0000001,Citrullinemia Type I,pathway,SMPDB,dpt
DB04326,Dihydroxyacetone phosphate,drug,DrugBank,SMP0000040,Glycolysis,pathway,SMPDB,dpt
DB04326,Dihydroxyacetone phosphate,drug,DrugBank,SMP0000064,Fructose and Mannose Degradation,pathway,SMPDB,dpt
DB04326,Dihydroxyacetone phosphate,drug,DrugBank,SMP0000124,Glycerol Phosphate Shuttle,pathway,SMPDB,dpt
DB04326,Dihydroxyacetone phosphate,drug,DrugBank,SMP0000187,Glycerol Kinase Deficiency,pathway,SMPDB,dpt
DB04326,Dihydroxyacetone phosphate,drug,DrugBank,SMP0000518,Glucose-6-phosphate Dehydrogenase Deficiency,pathway,SMPDB,dpt
DB04326,Dihydroxyacetone phosphate,drug,DrugBank,SMP0000531,"Glycogenosis, Type VII. Tarui Disease",pathway,SMPDB,dpt
DB04326,Dihydroxyacetone phosphate,drug,DrugBank,SMP0000560,Phosphoenolpyruvate Carboxykinase Deficiency 1 (PEPCK1),pathway,SMPDB,dpt
DB04326,Dihydroxyacetone phosphate,drug,DrugBank,SMP0000573,"Glycogenosis, Type IB",pathway,SMPDB,dpt
DB04326,Dihydroxyacetone phosphate,drug,DrugBank,SMP0015901,De Novo Triacylglycerol Biosynthesis TG(16:0/16:0/16:0),pathway,SMPDB,dpt
DB04326,Dihydroxyacetone phosphate,drug,DrugBank,SMP0015910,De Novo Triacylglycerol Biosynthesis TG(16:0/18:0/18:0),pathway,SMPDB,dpt
DB04326,Dihydroxyacetone phosphate,drug,DrugBank,SMP0015911,De Novo Triacylglycerol Biosynthesis TG(16:0/18:0/20:0),pathway,SMPDB,dpt
DB04326,Dihydroxyacetone phosphate,drug,DrugBank,SMP0015912,De Novo Triacylglycerol Biosynthesis TG(16:0/18:0/18:1(9Z)),pathway,SMPDB,dpt
DB04326,Dihydroxyacetone phosphate,drug,DrugBank,SMP0015915,"De Novo Triacylglycerol Biosynthesis TG(16:0/18:0/20:4(5Z,8Z,11Z,14Z))",pathway,SMPDB,dpt
DB04326,Dihydroxyacetone phosphate,drug,DrugBank,SMP0015916,De Novo Triacylglycerol Biosynthesis TG(16:0/20:0/20:0),pathway,SMPDB,dpt
DB04326,Dihydroxyacetone phosphate,drug,DrugBank,SMP0015918,"De Novo Triacylglycerol Biosynthesis TG(16:0/20:0/20:4(5Z,8Z,11Z,14Z))",pathway,SMPDB,dpt
DB04326,Dihydroxyacetone phosphate,drug,DrugBank,SMP0015922,De Novo Triacylglycerol Biosynthesis TG(16:0/16:1(9Z)/18:1(9Z)),pathway,SMPDB,dpt
DB04326,Dihydroxyacetone phosphate,drug,DrugBank,SMP0015924,"De Novo Triacylglycerol Biosynthesis TG(16:0/16:1(9Z)/18:2(9Z,12Z))",pathway,SMPDB,dpt
DB04326,Dihydroxyacetone phosphate,drug,DrugBank,SMP0015926,De Novo Triacylglycerol Biosynthesis TG(16:0/18:1(9Z)/20:0),pathway,SMPDB,dpt
DB04326,Dihydroxyacetone phosphate,drug,DrugBank,SMP0015935,"De Novo Triacylglycerol Biosynthesis TG(16:0/18:2(9Z,12Z)/18:2(9Z,12Z))",pathway,SMPDB,dpt
DB04326,Dihydroxyacetone phosphate,drug,DrugBank,SMP0015938,De Novo Triacylglycerol Biosynthesis TG(18:0/18:0/18:0),pathway,SMPDB,dpt
DB04326,Dihydroxyacetone phosphate,drug,DrugBank,SMP0015939,De Novo Triacylglycerol Biosynthesis TG(18:0/18:0/20:0),pathway,SMPDB,dpt
DB04326,Dihydroxyacetone phosphate,drug,DrugBank,SMP0015949,De Novo Triacylglycerol Biosynthesis TG(18:0/18:1(9Z)/20:1(11Z)),pathway,SMPDB,dpt
DB04326,Dihydroxyacetone phosphate,drug,DrugBank,SMP0015950,"De Novo Triacylglycerol Biosynthesis TG(18:0/18:1(9Z)/18:2(9Z,12Z))",pathway,SMPDB,dpt
DB04326,Dihydroxyacetone phosphate,drug,DrugBank,SMP0015951,"De Novo Triacylglycerol Biosynthesis TG(18:0/18:1(9Z)/20:4(5Z,8Z,11Z,14Z))",pathway,SMPDB,dpt
DB04326,Dihydroxyacetone phosphate,drug,DrugBank,SMP0015952,De Novo Triacylglycerol Biosynthesis TG(18:0/20:1(11Z)/20:1(11Z)),pathway,SMPDB,dpt
DB04326,Dihydroxyacetone phosphate,drug,DrugBank,SMP0015957,"De Novo Triacylglycerol Biosynthesis TG(18:0/18:2(9Z,12Z)/20:4(5Z,8Z,11Z,14Z))",pathway,SMPDB,dpt
DB04326,Dihydroxyacetone phosphate,drug,DrugBank,SMP0015960,De Novo Triacylglycerol Biosynthesis TG(20:0/20:0/20:1(11Z)),pathway,SMPDB,dpt
DB04326,Dihydroxyacetone phosphate,drug,DrugBank,SMP0015962,De Novo Triacylglycerol Biosynthesis TG(20:0/20:1(11Z)/20:1(11Z)),pathway,SMPDB,dpt
DB04326,Dihydroxyacetone phosphate,drug,DrugBank,SMP0015963,"De Novo Triacylglycerol Biosynthesis TG(20:0/20:1(11Z)/20:4(5Z,8Z,11Z,14Z))",pathway,SMPDB,dpt
DB04326,Dihydroxyacetone phosphate,drug,DrugBank,SMP0015971,De Novo Triacylglycerol Biosynthesis TG(16:1(9Z)/20:0/20:0),pathway,SMPDB,dpt
DB04519,Caprylic acid,drug,DrugBank,SMP0000456,Fatty Acid Biosynthesis,pathway,SMPDB,dpt
DB04540,Cholesterol,drug,DrugBank,SMP0000099,Lovastatin Action Pathway,pathway,SMPDB,dpt
DB04540,Cholesterol,drug,DrugBank,SMP0000111,Cerivastatin Action Pathway,pathway,SMPDB,dpt
DB04540,Cholesterol,drug,DrugBank,SMP0000209,Hypercholesterolemia,pathway,SMPDB,dpt
DB04540,Cholesterol,drug,DrugBank,SMP0000316,Zellweger Syndrome,pathway,SMPDB,dpt
DB04540,Cholesterol,drug,DrugBank,SMP0000372,Adrenal Hyperplasia Type 5 or Congenital Adrenal Hyperplasia Due to 17 alpha-Hydroxylase Deficiency,pathway,SMPDB,dpt
DB04540,Cholesterol,drug,DrugBank,SMP0000388,"Chondrodysplasia Punctata II, X-Linked Dominant (CDPX2)",pathway,SMPDB,dpt
DB04540,Cholesterol,drug,DrugBank,SMP0000389,Smith-Lemli-Opitz Syndrome (SLOS),pathway,SMPDB,dpt
DB04540,Cholesterol,drug,DrugBank,SMP0000510,Mevalonic Aciduria,pathway,SMPDB,dpt
DB04540,Cholesterol,drug,DrugBank,SMP0000577,Corticosterone Methyl Oxidase I Deficiency (CMO I),pathway,SMPDB,dpt
DB04540,Cholesterol,drug,DrugBank,SMP0000718,3-beta-Hydroxysteroid Dehydrogenase Deficiency,pathway,SMPDB,dpt
DB04540,Cholesterol,drug,DrugBank,SMP0000082,Simvastatin Action Pathway,pathway,SMPDB,dpt
DB04540,Cholesterol,drug,DrugBank,SMP0000089,Pravastatin Action Pathway,pathway,SMPDB,dpt
DB04540,Cholesterol,drug,DrugBank,SMP0000092,Rosuvastatin Action Pathway,pathway,SMPDB,dpt
DB04540,Cholesterol,drug,DrugBank,SMP0000107,Zoledronate Action Pathway,pathway,SMPDB,dpt
DB04540,Cholesterol,drug,DrugBank,SMP0000117,Pamidronate Action Pathway,pathway,SMPDB,dpt
DB04540,Cholesterol,drug,DrugBank,SMP0000119,Fluvastatin Action Pathway,pathway,SMPDB,dpt
DB04540,Cholesterol,drug,DrugBank,SMP0000314,Congenital Bile Acid Synthesis Defect Type II,pathway,SMPDB,dpt
DB04540,Cholesterol,drug,DrugBank,SMP0000319,Lysosomal Acid Lipase Deficiency (Wolman Disease),pathway,SMPDB,dpt
DB04540,Cholesterol,drug,DrugBank,SMP0000371,Congenital Lipoid Adrenal Hyperplasia (CLAH) or Lipoid CAH,pathway,SMPDB,dpt
DB04540,Cholesterol,drug,DrugBank,SMP0000508,Cholesteryl Ester Storage Disease,pathway,SMPDB,dpt
DB04540,Cholesterol,drug,DrugBank,SMP0000575,11-beta-Hydroxylase Deficiency (CYP11B1),pathway,SMPDB,dpt
DB04540,Cholesterol,drug,DrugBank,SMP0000717,Apparent Mineralocorticoid Excess Syndrome,pathway,SMPDB,dpt
DB04540,Cholesterol,drug,DrugBank,SMP0000720,27-Hydroxylase Deficiency,pathway,SMPDB,dpt
DB04540,Cholesterol,drug,DrugBank,SMP0000023,Steroid Biosynthesis,pathway,SMPDB,dpt
DB04540,Cholesterol,drug,DrugBank,SMP0000035,Bile Acid Biosynthesis,pathway,SMPDB,dpt
DB04540,Cholesterol,drug,DrugBank,SMP0000079,Ibandronate Action Pathway,pathway,SMPDB,dpt
DB04540,Cholesterol,drug,DrugBank,SMP0000095,Alendronate Action Pathway,pathway,SMPDB,dpt
DB04540,Cholesterol,drug,DrugBank,SMP0000112,Risedronate Action Pathway,pathway,SMPDB,dpt
DB04540,Cholesterol,drug,DrugBank,SMP0000130,Steroidogenesis,pathway,SMPDB,dpt
DB04540,Cholesterol,drug,DrugBank,SMP0000131,Atorvastatin Action Pathway,pathway,SMPDB,dpt
DB04574,Estrone sulfate,drug,DrugBank,SMP0000532,Sulfite Oxidase Deficiency,pathway,SMPDB,dpt
DB04574,Estrone sulfate,drug,DrugBank,SMP0030880,Estrone Metabolism,pathway,SMPDB,dpt
DB04574,Estrone sulfate,drug,DrugBank,SMP0000041,Sulfate/Sulfite Metabolism,pathway,SMPDB,dpt
DB04574,Estrone sulfate,drug,DrugBank,SMP0000356,17-beta Hydroxysteroid Dehydrogenase III Deficiency,pathway,SMPDB,dpt
DB04574,Estrone sulfate,drug,DrugBank,SMP0000068,Androgen and Estrogen Metabolism,pathway,SMPDB,dpt
DB04574,Estrone sulfate,drug,DrugBank,SMP0000565,Aromatase Deficiency,pathway,SMPDB,dpt
DB04841,Flunarizine,drug,DrugBank,SMP0061047,Flunarizine H1-Antihistamine Action,pathway,SMPDB,dpt
DB04861,Nebivolol,drug,DrugBank,SMP0000366,Nebivolol Action Pathway,pathway,SMPDB,dpt
DB04868,Nilotinib,drug,DrugBank,SMP0031697,Nilotinib Inhibition of BCR-ABL,pathway,SMPDB,dpt
DB04879,Vatalanib,drug,DrugBank,SMP0000421,Vatalanib Action Pathway,pathway,SMPDB,dpt
DB04890,Bepotastine,drug,DrugBank,SMP0060058,Bepotastine H1-Antihistamine Action,pathway,SMPDB,dpt
DB05482,SN-38,drug,DrugBank,SMP0000600,Irinotecan Metabolism Pathway,pathway,SMPDB,dpt
DB05482,SN-38,drug,DrugBank,SMP0000433,Irinotecan Action Pathway,pathway,SMPDB,dpt
DB05804,Prasterone sulfate,drug,DrugBank,SMP0000356,17-beta Hydroxysteroid Dehydrogenase III Deficiency,pathway,SMPDB,dpt
DB05804,Prasterone sulfate,drug,DrugBank,SMP0000068,Androgen and Estrogen Metabolism,pathway,SMPDB,dpt
DB05804,Prasterone sulfate,drug,DrugBank,SMP0000565,Aromatase Deficiency,pathway,SMPDB,dpt
DB06274,Alvimopan,drug,DrugBank,SMP0000685,Alvimopan Action Pathway,pathway,SMPDB,dpt
DB06282,Levocetirizine,drug,DrugBank,SMP0059114,Levocetirizine H1-Antihistamine Action,pathway,SMPDB,dpt
DB06616,Bosutinib,drug,DrugBank,SMP0031698,Bosutinib Inhibition of BCR-ABL,pathway,SMPDB,dpt
DB06697,Artemether,drug,DrugBank,SMP0000651,Artemether Metabolism Pathway,pathway,SMPDB,dpt
DB06698,Betahistine,drug,DrugBank,SMP0060744,Betahistine H1-Antihistamine Action,pathway,SMPDB,dpt
DB06700,Desvenlafaxine,drug,DrugBank,SMP0000636,Venlafaxine Metabolism Pathway,pathway,SMPDB,dpt
DB06725,Lornoxicam,drug,DrugBank,SMP0000700,Lornoxicam Action Pathway,pathway,SMPDB,dpt
DB06731,Seproxetine,drug,DrugBank,SMP0000646,Fluoxetine Metabolism Pathway,pathway,SMPDB,dpt
DB06731,Seproxetine,drug,DrugBank,SMP0000426,Fluoxetine Action Pathway,pathway,SMPDB,dpt
DB06738,Ketobemidone,drug,DrugBank,SMP0000690,Ketobemidone  Action Pathway,pathway,SMPDB,dpt
DB06766,Alcaftadine,drug,DrugBank,SMP0062881,Alcaftadine H1-Antihistamine Action,pathway,SMPDB,dpt
DB06777,Chenodeoxycholic acid,drug,DrugBank,SMP0000316,Zellweger Syndrome,pathway,SMPDB,dpt
DB06777,Chenodeoxycholic acid,drug,DrugBank,SMP0000314,Congenital Bile Acid Synthesis Defect Type II,pathway,SMPDB,dpt
DB06777,Chenodeoxycholic acid,drug,DrugBank,SMP0000720,27-Hydroxylase Deficiency,pathway,SMPDB,dpt
DB06777,Chenodeoxycholic acid,drug,DrugBank,SMP0000035,Bile Acid Biosynthesis,pathway,SMPDB,dpt
DB06777,Chenodeoxycholic acid,drug,DrugBank,SMP0000315,Cerebrotendinous Xanthomatosis (CTX),pathway,SMPDB,dpt
DB06777,Chenodeoxycholic acid,drug,DrugBank,SMP0000317,Familial Hypercholanemia (FHCA),pathway,SMPDB,dpt
DB06777,Chenodeoxycholic acid,drug,DrugBank,SMP0000318,Congenital Bile Acid Synthesis Defect Type III,pathway,SMPDB,dpt
DB06802,Nepafenac,drug,DrugBank,SMP0000702,Nepafenac Action Pathway,pathway,SMPDB,dpt
DB08799,Antazoline,drug,DrugBank,SMP0057584,Antazoline H1-Antihistamine Action,pathway,SMPDB,dpt
DB08801,Dimetindene,drug,DrugBank,SMP0057582,Dimetindene H1-Antihistamine Action,pathway,SMPDB,dpt
DB08901,Ponatinib,drug,DrugBank,SMP0031700,Ponatinib Inhibition of BCR-ABL,pathway,SMPDB,dpt
DB08936,Chlorcyclizine,drug,DrugBank,SMP0058931,Chlorcyclizine H1-Antihistamine Action,pathway,SMPDB,dpt
DB09488,Acrivastine,drug,DrugBank,SMP0059881,Acrivastine H1-Antihistamine Action,pathway,SMPDB,dpt
DB11160,Phenyltoloxamine,drug,DrugBank,SMP0058916,Phenyltoloxamine H1-Antihistamine Action,pathway,SMPDB,dpt
DB11235,Thonzylamine,drug,DrugBank,SMP0058769,Thonzylamine H1-Antihistamine Action,pathway,SMPDB,dpt
DB11591,Bilastine,drug,DrugBank,SMP0060170,Bilastine H1-Antihistamine Action,pathway,SMPDB,dpt
DB11614,Rupatadine,drug,DrugBank,SMP0060235,Rupatadine H1-Antihistamine Action,pathway,SMPDB,dpt
DB11725,Latrepirdine,drug,DrugBank,SMP0062623,Latrepirdine H1-Antihistamine Action,pathway,SMPDB,dpt
DB11742,Ebastine,drug,DrugBank,SMP0060204,Ebastine H1-Antihistamine Action,pathway,SMPDB,dpt
DB11851,Bafetinib,drug,DrugBank,SMP0031699,Bafetinib Inhibition of BCR-ABL,pathway,SMPDB,dpt
DB12523,Mizolastine,drug,DrugBank,SMP0060230,Mizolastine H1-Antihistamine Action,pathway,SMPDB,dpt
DB12770,Lafutidine,drug,DrugBank,SMP0051038,Lafutidine H2-Antihistamine Action,pathway,SMPDB,dpt
DB12877,Oxatomide,drug,DrugBank,SMP0059044,Oxatomide H1-Antihistamine Action,pathway,SMPDB,dpt
DB13292,Pimethixene,drug,DrugBank,SMP0062886,Pimethixene H1-Antihistamine Action,pathway,SMPDB,dpt
DB13711,Tritoqualine,drug,DrugBank,SMP0062895,Tritoqualine H1-Antihistamine Action,pathway,SMPDB,dpt
