head_id,head_name,head_type,head_ref,tail_id,tail_name,tail_type,tail_ref,predicate
DB09073,Palbociclib,drug,DrugBank,3140.0,Schizophrenia,disease,Orphanet,nddii
DB01038,Carphenazine,drug,DrugBank,3140.0,Schizophrenia,disease,Orphanet,nddii
DB08883,Perampanel,drug,DrugBank,319705.0,Parkinson disease,disease,Orphanet,nddii
DB06393,Xaliproden,drug,DrugBank,238616.0,Alzheimer disease,disease,Orphanet,nddii
DB00608,Chloroquine,drug,DrugBank,673.0,Malaria,disease,Orphanet,nddii
DB06177,Glufosfamide,drug,DrugBank,213500.0,Ovarian cancer,disease,Orphanet,nddii
DB02709,Resveratrol,drug,DrugBank,466667.0,Colorectal cancer,disease,Orphanet,nddii
DB06454,Sarizotan,drug,DrugBank,319705.0,Parkinson disease,disease,Orphanet,nddii
DB06280,Senicapoc,drug,DrugBank,101987.0,Constitutional neutropenia,disease,Orphanet,nddii
DB11692,Pavinetant,drug,DrugBank,3140.0,Schizophrenia,disease,Orphanet,nddii
DB12655,Patidegib,drug,DrugBank,55880.0,Chondrosarcoma,disease,Orphanet,nddii
DB06248,Amelubant,drug,DrugBank,586.0,Cystic fibrosis,disease,Orphanet,nddii
DB05134,Tanespimycin,drug,DrugBank,29073.0,Multiple myeloma,disease,Orphanet,nddii
DB05444,Iroxanadine,drug,DrugBank,803.0,Amyotrophic lateral sclerosis,disease,Orphanet,nddii
DB14066,Tetrandrine,drug,DrugBank,466667.0,Colorectal cancer,disease,Orphanet,nddii
DB17101,SC 41930,drug,DrugBank,217071.0,Renal cell carcinoma,disease,Orphanet,nddii
DB05383,Pimagedine,drug,DrugBank,284130.0,Rheumatoid arthritis,disease,Orphanet,nddii
DB01388,Mibefradil,drug,DrugBank,213500.0,Ovarian cancer,disease,Orphanet,nddii
DB00409,Remoxipride,drug,DrugBank,3140.0,Schizophrenia,disease,Orphanet,nddii
DB06144,Sertindole,drug,DrugBank,3140.0,Schizophrenia,disease,Orphanet,nddii
DB06268,Sitaxentan,drug,DrugBank,182090.0,Pulmonary arterial hypertension,disease,Orphanet,nddii
DB04888,Bifeprunox,drug,DrugBank,3140.0,Schizophrenia,disease,Orphanet,nddii
DB06535,Etilevodopa,drug,DrugBank,319705.0,Parkinson disease,disease,Orphanet,nddii
DB04859,Zanapezil,drug,DrugBank,238616.0,Alzheimer disease,disease,Orphanet,nddii
DB12984,Larotaxel,drug,DrugBank,157980.0,Bladder cancer,disease,Orphanet,nddii
DB06276,Tanomastat,drug,DrugBank,213500.0,Ovarian cancer,disease,Orphanet,nddii
DB04872,Osanetant,drug,DrugBank,3140.0,Schizophrenia,disease,Orphanet,nddii
DB16073,AZD8529,drug,DrugBank,3140.0,Schizophrenia,disease,Orphanet,nddii
DB12395,Esreboxetine,drug,DrugBank,41842.0,Fibromyalgia,disease,Orphanet,nddii
DB04851,Biricodar,drug,DrugBank,213500.0,Ovarian cancer,disease,Orphanet,nddii
DB12998,PF-00217830,drug,DrugBank,3140.0,Schizophrenia,disease,Orphanet,nddii
DB06240,Tariquidar,drug,DrugBank,1501.0,Adrenocortical carcinoma,disease,Orphanet,nddii
DB15272,Edratide,drug,DrugBank,536.0,Systemic lupus erythematosus,disease,Orphanet,nddii
DB15190,GLPG-0259,drug,DrugBank,284130.0,Rheumatoid arthritis,disease,Orphanet,nddii
DB06460,Enrasentan,drug,DrugBank,182090.0,Pulmonary arterial hypertension,disease,Orphanet,nddii
DB16205,Ispronicline,drug,DrugBank,3140.0,Schizophrenia,disease,Orphanet,nddii
DB16205,Ispronicline,drug,DrugBank,238616.0,Alzheimer disease,disease,Orphanet,nddii
DB05107,16-Bromoepiandrosterone,drug,DrugBank,586.0,Cystic fibrosis,disease,Orphanet,nddii
DB01647,Daxalipram,drug,DrugBank,802.0,Multiple sclerosis,disease,Orphanet,nddii
DB05458,Pozanicline,drug,DrugBank,3140.0,Schizophrenia,disease,Orphanet,nddii
DB13053,CP-195543,drug,DrugBank,284130.0,Rheumatoid arthritis,disease,Orphanet,nddii
DB05103,AN-9,drug,DrugBank,411533.0,Melanoma,disease,Orphanet,nddii
DB12222,Lurtotecan,drug,DrugBank,213500.0,Ovarian cancer,disease,Orphanet,nddii
DB12145,AZD-0328,drug,DrugBank,238616.0,Alzheimer disease,disease,Orphanet,nddii
DB12378,Apricoxib,drug,DrugBank,284130.0,Rheumatoid arthritis,disease,Orphanet,nddii
DB04545,Afegostat,drug,DrugBank,355.0,Gaucher disease,disease,Orphanet,nddii
DB05800,Alethine,drug,DrugBank,223735.0,Lymphoma,disease,Orphanet,nddii
DB06518,R-1487,drug,DrugBank,284130.0,Rheumatoid arthritis,disease,Orphanet,nddii
DB11366,Roquinimex,drug,DrugBank,284130.0,Rheumatoid arthritis,disease,Orphanet,nddii
DB11962,GSK-1059615,drug,DrugBank,223735.0,Lymphoma,disease,Orphanet,nddii
DB16294,Pexmetinib,drug,DrugBank,52688.0,Myelodysplastic syndrome,disease,Orphanet,nddii
DB15012,Farampator,drug,DrugBank,3140.0,Schizophrenia,disease,Orphanet,nddii
DB12210,AZD-6280,drug,DrugBank,3140.0,Schizophrenia,disease,Orphanet,nddii
DB00613,Amodiaquine,drug,DrugBank,673.0,Malaria,disease,Orphanet,nddii
DB06439,Tyloxapol,drug,DrugBank,586.0,Cystic fibrosis,disease,Orphanet,nddii
DB13550,Bifemelane,drug,DrugBank,238616.0,Alzheimer disease,disease,Orphanet,nddii
DB02742,Kifunensine,drug,DrugBank,98473.0,Muscular dystrophy,disease,Orphanet,nddii
DB02282,5'-S-methyl-5'-thioadenosine,drug,DrugBank,802.0,Multiple sclerosis,disease,Orphanet,nddii
DB00508,Triflupromazine,drug,DrugBank,3140.0,Schizophrenia,disease,Orphanet,nddii
DB05100,Prinomastat,drug,DrugBank,2A00,Brain cancer,disease,ICD-11,nddii
DB01079,Tegaserod,drug,DrugBank,DA22,Gastro-oesophageal reflux,disease,ICD-11,nddii
DB01079,Tegaserod,drug,DrugBank,MD92,Dyspepsia,disease,ICD-11,nddii
DB00171,ATP,drug,DrugBank,MC81.1,Bradycardia,disease,ICD-11,nddii
DB04911,Oritavancin,drug,DrugBank,1B74-1G40,Gram-positive bacterial infection,disease,ICD-11,nddii
DB00680,Moricizine,drug,DrugBank,BC65,Heart arrhythmia,disease,ICD-11,nddii
DB04855,Dronedarone,drug,DrugBank,BC81.3,Atrial fibrillation,disease,ICD-11,nddii
DB00738,Pentamidine,drug,DrugBank,1C62,Human immunodeficiency virus infection,disease,ICD-11,nddii
DB00455,Loratadine,drug,DrugBank,CA08.0,Allergic rhinitis,disease,ICD-11,nddii
DB06810,Plicamycin,drug,DrugBank,2A00-2F9Z,Solid tumour/cancer,disease,ICD-11,nddii
DB16948,Ganglioside GM1,drug,DrugBank,8B1Z,Cerebrovascular ischaemia,disease,ICD-11,nddii
DB08948,Iodamide,drug,DrugBank,8C70-8E61,Brain disease,disease,ICD-11,nddii
DB01003,Cromoglicic acid,drug,DrugBank,CA08.0,Allergic rhinitis,disease,ICD-11,nddii
DB00901,Bitolterol,drug,DrugBank,CA23,Asthma,disease,ICD-11,nddii
DB00311,Ethoxzolamide,drug,DrugBank,DA63,Duodenal ulcer,disease,ICD-11,nddii
DB12598,Nafamostat,drug,DrugBank,1G40-1G41,Sepsis,disease,ICD-11,nddii
DB06202,Lasofoxifene,drug,DrugBank,1A24-1D9Z,Virus infection,disease,ICD-11,nddii
DB00435,Nitric Oxide,drug,DrugBank,1F28.2,Tinea pedis,disease,ICD-11,nddii
DB08756,Y-27632,drug,DrugBank,CA23,Asthma,disease,ICD-11,nddii
DB00848,Levamisole,drug,DrugBank,2B90.Z,Colon cancer,disease,ICD-11,nddii
DB04837,Clofedanol,drug,DrugBank,9A78.6,Anaesthesia,disease,ICD-11,nddii
DB04862,Merimepodib,drug,DrugBank,1E50-1E51,Hepatitis virus infection,disease,ICD-11,nddii
DB08954,Ifenprodil,drug,DrugBank,MG30,Cancer related pain,disease,ICD-11,nddii
DB00336,Nitrofural,drug,DrugBank,1A00-1C4Z,Bacterial infection,disease,ICD-11,nddii
DB00365,Grepafloxacin,drug,DrugBank,1A00-1C4Z,Bacterial infection,disease,ICD-11,nddii
DB00280,Disopyramide,drug,DrugBank,MF50.2,Urinary incontinence,disease,ICD-11,nddii
DB01656,Roflumilast,drug,DrugBank,CA22,Chronic obstructive pulmonary disease,disease,ICD-11,nddii
DB01656,Roflumilast,drug,DrugBank,EA80,Atopic dermatitis,disease,ICD-11,nddii
DB12184,Gepirone,drug,DrugBank,6A70-6A7Z,Depression,disease,ICD-11,nddii
DB01037,Selegiline,drug,DrugBank,MD90,Chemotherapy-induced nausea,disease,ICD-11,nddii
DB00980,Ramelteon,drug,DrugBank,7A60-7A65,Circadian rhythm sleep disorder,disease,ICD-11,nddii
DB00963,Bromfenac,drug,DrugBank,1A00-CA43.1,Inflammation,disease,ICD-11,nddii
DB00856,Chlorphenesin,drug,DrugBank,1F29-1F2F,Fungal infection,disease,ICD-11,nddii
DB06448,Lonafarnib,drug,DrugBank,2C25.Y,Non-small-cell lung cancer,disease,ICD-11,nddii
DB01149,Nefazodone,drug,DrugBank,6A70-6A7Z,Depression,disease,ICD-11,nddii
DB04953,Ezogabine,drug,DrugBank,8A60-8A68,Epilepsy,disease,ICD-11,nddii
DB00371,Meprobamate,drug,DrugBank,DB98.B,Ischemic reperfusion injury,disease,ICD-11,nddii
DB06285,Teriparatide,drug,DrugBank,EA90,Psoriatic disorder,disease,ICD-11,nddii
DB11629,Laropiprant,drug,DrugBank,BD40,Arteriosclerosis,disease,ICD-11,nddii
DB06393,Xaliproden,drug,DrugBank,8B61,Lateral sclerosis,disease,ICD-11,nddii
DB06393,Xaliproden,drug,DrugBank,LD27.3,Peripheral sensory neuropathies,disease,ICD-11,nddii
DB00786,Marimastat,drug,DrugBank,2C25.0,Lung cancer,disease,ICD-11,nddii
DB12340,Navitoclax,drug,DrugBank,2A00-2F9Z,Solid tumour/cancer,disease,ICD-11,nddii
DB00574,Fenfluramine,drug,DrugBank,5B81,Obesity,disease,ICD-11,nddii
DB17034,Dacinostat,drug,DrugBank,2A60-2B33,leukaemia,disease,ICD-11,nddii
DB16010,Iseganan,drug,DrugBank,1A00-1C4Z,Bacterial infection,disease,ICD-11,nddii
DB06677,Clazosentan,drug,DrugBank,9B74.0,Vasospasm,disease,ICD-11,nddii
DB06199,Atrasentan,drug,DrugBank,2C82.0,Prostate cancer,disease,ICD-11,nddii
DB05343,Arundic acid,drug,DrugBank,5A11,Type-2 diabetes,disease,ICD-11,nddii
DB12923,Gallopamil,drug,DrugBank,BA00-BA04,Hypertension,disease,ICD-11,nddii
DB12681,Salirasib,drug,DrugBank,2C25.Y,Non-small-cell lung cancer,disease,ICD-11,nddii
DB12681,Salirasib,drug,DrugBank,2C10,Pancreatic cancer,disease,ICD-11,nddii
DB05475,Golotimod,drug,DrugBank,1A00-CA43.1,Inflammation,disease,ICD-11,nddii
DB05642,DDP-225,drug,DrugBank,DD90.4,Chronic functional vomiting,disease,ICD-11,nddii
DB12445,Nitroaspirin,drug,DrugBank,5A11,Type-2 diabetes,disease,ICD-11,nddii
DB12445,Nitroaspirin,drug,DrugBank,FA11,Claudication,disease,ICD-11,nddii
DB12445,Nitroaspirin,drug,DrugBank,GC2Z,Nephropathy,disease,ICD-11,nddii
DB05805,NS-2359,drug,DrugBank,6A05.Z,Attention deficit hyperactivity disorder,disease,ICD-11,nddii
DB05805,NS-2359,drug,DrugBank,6A60-6E23,Mood disorder,disease,ICD-11,nddii
DB11781,Tosedostat,drug,DrugBank,1A00-CA43.1,Inflammation,disease,ICD-11,nddii
DB12555,Nelotanserin,drug,DrugBank,7A00-7B2Z,Sleep-wake disorder,disease,ICD-11,nddii
DB06429,Talnetant,drug,DrugBank,6A21,Schizoaffective disorder,disease,ICD-11,nddii
DB06429,Talnetant,drug,DrugBank,DD91.0,Irritable bowel syndrome,disease,ICD-11,nddii
DB03496,Alvocidib,drug,DrugBank,2A82.0,Chronic lymphocytic leukaemia,disease,ICD-11,nddii
DB11883,SB-705498,drug,DrugBank,8A80,Migraine,disease,ICD-11,nddii
DB12195,VP-14637,drug,DrugBank,1C80,Respiratory syncytial virus infection,disease,ICD-11,nddii
DB12271,ORE-1001,drug,DrugBank,5A11,Type-2 diabetes,disease,ICD-11,nddii
DB12380,GDC-0152,drug,DrugBank,2A00-2F9Z,Solid tumour/cancer,disease,ICD-11,nddii
DB14793,RO-5045337,drug,DrugBank,2A00-2F9Z,Solid tumour/cancer,disease,ICD-11,nddii
DB18066,NM-004,drug,DrugBank,DD72,Inflammatory bowel disease,disease,ICD-11,nddii
DB02383,Tolrestat,drug,DrugBank,9B10.21,Diabetic cataract,disease,ICD-11,nddii
DB17101,SC 41930,drug,DrugBank,DD72,Inflammatory bowel disease,disease,ICD-11,nddii
DB12059,JNJ-40411813,drug,DrugBank,6B00-6B0Z,Anxiety disorder,disease,ICD-11,nddii
DB12059,JNJ-40411813,drug,DrugBank,6E8Z,Psychiatric disorder,disease,ICD-11,nddii
DB05383,Pimagedine,drug,DrugBank,5A44,Insulin-resistant disorder,disease,ICD-11,nddii
DB03044,Doramapimod,drug,DrugBank,DD72,Inflammatory bowel disease,disease,ICD-11,nddii
DB04812,Benoxaprofen,drug,DrugBank,1A00-CA43.1,Inflammation,disease,ICD-11,nddii
DB09010,Carmofur,drug,DrugBank,2A00-2F9Z,Solid tumour/cancer,disease,ICD-11,nddii
DB06634,Casopitant,drug,DrugBank,MD90,Chemotherapy-induced nausea,disease,ICD-11,nddii
DB07402,Azapropazone,drug,DrugBank,1A00-CA43.1,Inflammation,disease,ICD-11,nddii
DB08985,Etilefrine,drug,DrugBank,BA00-BE2Z,Cardiovascular disease,disease,ICD-11,nddii
DB00866,Alprenolol,drug,DrugBank,BA00-BA04,Hypertension,disease,ICD-11,nddii
DB08980,Fendiline,drug,DrugBank,BA80,Coronary artery disease,disease,ICD-11,nddii
DB08950,Indoramin,drug,DrugBank,BA00-BA04,Hypertension,disease,ICD-11,nddii
DB04824,Phenolphthalein,drug,DrugBank,DD91.1,Constipation,disease,ICD-11,nddii
DB08942,Isoxicam,drug,DrugBank,FA00-FA05,Osteoarthritis,disease,ICD-11,nddii
DB01405,Temafloxacin,drug,DrugBank,1A00-1C4Z,Bacterial infection,disease,ICD-11,nddii
DB11364,Pidotimod,drug,DrugBank,GC08,Urinary tract infection,disease,ICD-11,nddii
DB09224,Melperone,drug,DrugBank,6C40.2,Alcohol dependence,disease,ICD-11,nddii
DB04821,Nomifensine,drug,DrugBank,2C60-2C65,Breast cancer,disease,ICD-11,nddii
DB04817,Metamizole,drug,DrugBank,MG26,Fever,disease,ICD-11,nddii
DB04817,Metamizole,drug,DrugBank,MG30-MG3Z,Pain,disease,ICD-11,nddii
DB01228,Encainide,drug,DrugBank,BC65,Heart arrhythmia,disease,ICD-11,nddii
DB09004,Clobutinol,drug,DrugBank,MD12,Cough,disease,ICD-11,nddii
DB08965,Fusafungine,drug,DrugBank,1A00-1C4Z,Bacterial infection,disease,ICD-11,nddii
DB09023,Benactyzine,drug,DrugBank,6A70-6A7Z,Depression,disease,ICD-11,nddii
DB09022,Benfluorex,drug,DrugBank,5C80,Hyperlipidaemia,disease,ICD-11,nddii
DB00914,Phenformin,drug,DrugBank,5A2Y,Diabetic complication,disease,ICD-11,nddii
DB04836,Amineptine,drug,DrugBank,6A70.3,Major depressive disorder,disease,ICD-11,nddii
DB00342,Terfenadine,drug,DrugBank,4A80-4A85,Allergy,disease,ICD-11,nddii
DB09121,Aurothioglucose,drug,DrugBank,FA20,Arthritis,disease,ICD-11,nddii
DB08976,Floctafenine,drug,DrugBank,FA20,Arthritis,disease,ICD-11,nddii
DB08905,Formestane,drug,DrugBank,2C60-2C65,Breast cancer,disease,ICD-11,nddii
DB04832,Zimelidine,drug,DrugBank,6A70.3,Major depressive disorder,disease,ICD-11,nddii
DB04832,Zimelidine,drug,DrugBank,6A70-6A7Z,Depression,disease,ICD-11,nddii
DB08878,Aminopterin,drug,DrugBank,2A60-2B33,leukaemia,disease,ICD-11,nddii
DB08964,Gemeprost,drug,DrugBank,JB02.0,Cervical dilation,disease,ICD-11,nddii
DB00664,Sulfametopyrazine,drug,DrugBank,GC08,Urinary tract infection,disease,ICD-11,nddii
DB09008,Cefaloridine,drug,DrugBank,1B74-1G40,Gram-positive bacterial infection,disease,ICD-11,nddii
DB01191,Dexfenfluramine,drug,DrugBank,5B81,Obesity,disease,ICD-11,nddii
DB04816,Dantron,drug,DrugBank,FA34.1,Laxative,disease,ICD-11,nddii
DB00217,Bethanidine,drug,DrugBank,BC65,Heart arrhythmia,disease,ICD-11,nddii
DB04898,Ximelagatran,drug,DrugBank,3B10.0,Coagulation defect,disease,ICD-11,nddii
DB04829,Lysergic acid diethylamide,drug,DrugBank,6C50-6C5Z,Addictive disorder,disease,ICD-11,nddii
DB03783,Phenacetin,drug,DrugBank,MB40.8,Analgesia,disease,ICD-11,nddii
DB08941,Isoxsuprine,drug,DrugBank,8B2Z,Cerebrovascular disease,disease,ICD-11,nddii
DB01463,Fencamfamin,drug,DrugBank,MG22,Depressive fatigue,disease,ICD-11,nddii
DB08951,Indoprofen,drug,DrugBank,FA25,Gout,disease,ICD-11,nddii
DB04813,Bithionol,drug,DrugBank,1F8Y,Trematode infection,disease,ICD-11,nddii
DB09215,Droxicam,drug,DrugBank,1A00-CA43.1,Inflammation,disease,ICD-11,nddii
DB04828,Zomepirac,drug,DrugBank,MG30-MG3Z,Pain,disease,ICD-11,nddii
DB04831,Tienilic acid,drug,DrugBank,BD10,Congestive heart failure,disease,ICD-11,nddii
DB04833,Methaqualone,drug,DrugBank,7A00-7A0Z,Insomnia,disease,ICD-11,nddii
DB08955,Ibuproxam,drug,DrugBank,CB40,Respiratory disease,disease,ICD-11,nddii
DB00269,Chlorotrianisene,drug,DrugBank,GA30.0,Menopause symptom,disease,ICD-11,nddii
DB00637,Astemizole,drug,DrugBank,CA08.0,Allergic rhinitis,disease,ICD-11,nddii
DB00778,Roxithromycin,drug,DrugBank,1A00-1C4Z,Bacterial infection,disease,ICD-11,nddii
DB06594,Agomelatine,drug,DrugBank,6A70.3,Major depressive disorder,disease,ICD-11,nddii
DB05416,Cardarine,drug,DrugBank,5A10,Type-1 diabetes,disease,ICD-11,nddii
DB13757,Epanolol,drug,DrugBank,BA40,Angina pectoris,disease,ICD-11,nddii
DB05575,Motesanib,drug,DrugBank,2C25.Y,Non-small-cell lung cancer,disease,ICD-11,nddii
DB12125,Dianicline,drug,DrugBank,6C4A.2,Tobacco dependence,disease,ICD-11,nddii
DB12009,GW-406381,drug,DrugBank,8E43.0,Neuropathic pain,disease,ICD-11,nddii
DB12009,GW-406381,drug,DrugBank,FA00-FA05,Osteoarthritis,disease,ICD-11,nddii
DB04954,Tecadenoson,drug,DrugBank,BC81.3,Atrial fibrillation,disease,ICD-11,nddii
DB04954,Tecadenoson,drug,DrugBank,BC9Z,Cardiac arrhythmias,disease,ICD-11,nddii
DB03849,Cilomilast,drug,DrugBank,CA20,Bronchitis,disease,ICD-11,nddii
DB03849,Cilomilast,drug,DrugBank,CA21,Emphysema,disease,ICD-11,nddii
DB03849,Cilomilast,drug,DrugBank,CA22,Chronic obstructive pulmonary disease,disease,ICD-11,nddii
DB06629,Zibotentan,drug,DrugBank,2C82.0,Prostate cancer,disease,ICD-11,nddii
DB05035,Eprotirome,drug,DrugBank,BA00-BE2Z,Cardiovascular disease,disease,ICD-11,nddii
DB17602,Acecainide,drug,DrugBank,2A00-2F9Z,Solid tumour/cancer,disease,ICD-11,nddii
DB17174,Diaziquone,drug,DrugBank,2A00-2F9Z,Solid tumour/cancer,disease,ICD-11,nddii
DB06739,Seratrodast,drug,DrugBank,CA23.0,Allergic asthma,disease,ICD-11,nddii
DB06660,Saredutant,drug,DrugBank,6A70-6A7Z,Depression,disease,ICD-11,nddii
DB06660,Saredutant,drug,DrugBank,6B00-6B0Z,Anxiety disorder,disease,ICD-11,nddii
DB06624,Taranabant,drug,DrugBank,5B81,Obesity,disease,ICD-11,nddii
DB04168,Bropirimine,drug,DrugBank,1A24-1D9Z,Virus infection,disease,ICD-11,nddii
DB06395,Abafungin,drug,DrugBank,1F29-1F2F,Fungal infection,disease,ICD-11,nddii
DB06529,Ocinaplon,drug,DrugBank,6B00,Generalized anxiety disorder,disease,ICD-11,nddii
DB06471,Naxifylline,drug,DrugBank,5A10,Autoimmune diabetes,disease,ICD-11,nddii
DB06266,Lonidamine,drug,DrugBank,GA90,Benign prostatic hyperplasia,disease,ICD-11,nddii
DB11869,Valspodar,drug,DrugBank,2A60,Acute myeloid leukaemia,disease,ICD-11,nddii
DB12308,Eltanolone,drug,DrugBank,GA34.40,Premenstrual syndrome,disease,ICD-11,nddii
DB08915,Aleglitazar,drug,DrugBank,5A11,Type-2 diabetes,disease,ICD-11,nddii
DB04910,Oxibendazole,drug,DrugBank,2A00-2F9Z,Pediatric cancer,disease,ICD-11,nddii
DB03010,Patupilone,drug,DrugBank,2A00-2F9Z,Solid tumour/cancer,disease,ICD-11,nddii
DB06406,Idraparinux,drug,DrugBank,DB61-GB90,Thrombosis,disease,ICD-11,nddii
DB12021,Dinaciclib,drug,DrugBank,2A85,Acute lymphoblastic leukaemia,disease,ICD-11,nddii
DB06635,Otamixaban,drug,DrugBank,BA40,Angina pectoris,disease,ICD-11,nddii
DB06512,Deramciclane,drug,DrugBank,6B00-6B0Z,Anxiety disorder,disease,ICD-11,nddii
DB05395,Amibegron,drug,DrugBank,6A60-6E23,Mood disorder,disease,ICD-11,nddii
DB05395,Amibegron,drug,DrugBank,6A70.3,Major depressive disorder,disease,ICD-11,nddii
DB06497,Aplaviroc,drug,DrugBank,1C62,Human immunodeficiency virus-1 infection,disease,ICD-11,nddii
DB11745,Otenabant,drug,DrugBank,5B81,Obesity,disease,ICD-11,nddii
DB12984,Larotaxel,drug,DrugBank,2C10,Pancreatic cancer,disease,ICD-11,nddii
DB06106,AIT-034,drug,DrugBank,6D80-6D86,Dementia,disease,ICD-11,nddii
DB12693,Ritanserin,drug,DrugBank,6B00-6B0Z,Anxiety disorder,disease,ICD-11,nddii
DB06311,Darapladib,drug,DrugBank,BD40,Arteriosclerosis,disease,ICD-11,nddii
DB05885,Seletracetam,drug,DrugBank,8A60-8A68,Epilepsy,disease,ICD-11,nddii
DB06431,Evernimicin,drug,DrugBank,1A00-1C4Z,Bacterial infection,disease,ICD-11,nddii
DB06362,Becatecarin,drug,DrugBank,2A00-2F9Z,Solid tumour/cancer,disease,ICD-11,nddii
DB18145,Aloxistatin,drug,DrugBank,6B60,Neurological disorder,disease,ICD-11,nddii
DB06442,Avasimibe,drug,DrugBank,BD4Z,Peripheral vascular disease,disease,ICD-11,nddii
DB06276,Tanomastat,drug,DrugBank,2C10,Pancreatic cancer,disease,ICD-11,nddii
DB06276,Tanomastat,drug,DrugBank,2C25.0,Lung cancer,disease,ICD-11,nddii
DB06276,Tanomastat,drug,DrugBank,FA00-FA05,Osteoarthritis,disease,ICD-11,nddii
DB16908,Flindokalner,drug,DrugBank,ND56.4,Nerve injury,disease,ICD-11,nddii
DB16346,Veliflapon,drug,DrugBank,CA23,Asthma,disease,ICD-11,nddii
DB12531,Lobucavir,drug,DrugBank,1A24-1D9Z,Virus infection,disease,ICD-11,nddii
DB06680,Asoprisnil,drug,DrugBank,GA10,Endometriosis,disease,ICD-11,nddii
DB04005,Uridine 5'-triphosphate,drug,DrugBank,2C25.0,Lung cancer,disease,ICD-11,nddii
DB06604,Ilepatril,drug,DrugBank,BA00-BA04,Hypertension,disease,ICD-11,nddii
DB06604,Ilepatril,drug,DrugBank,BD10-BD13,Heart failure,disease,ICD-11,nddii
DB06604,Ilepatril,drug,DrugBank,GB60-GB6Z,Renal failure,disease,ICD-11,nddii
DB06604,Ilepatril,drug,DrugBank,GB61.Z,Diabetic nephropathy,disease,ICD-11,nddii
DB04872,Osanetant,drug,DrugBank,6A21,Schizoaffective disorder,disease,ICD-11,nddii
DB04872,Osanetant,drug,DrugBank,6A70-6A7Z,Depression,disease,ICD-11,nddii
DB13251,Octopamine,drug,DrugBank,DB61-GB90,Thrombosis,disease,ICD-11,nddii
DB01917,Putrescine,drug,DrugBank,ND90-NE2Z,Burn and burn infection,disease,ICD-11,nddii
DB12850,Etalocib,drug,DrugBank,2C10,Pancreatic cancer,disease,ICD-11,nddii
DB06465,FK-960,drug,DrugBank,6D71,Cognitive impairment,disease,ICD-11,nddii
DB06494,Sufugolix,drug,DrugBank,2E86.0,Uterine fibroids,disease,ICD-11,nddii
DB16332,Sodelglitazar,drug,DrugBank,5C80,Hyperlipidaemia,disease,ICD-11,nddii
DB12910,Emicerfont,drug,DrugBank,DD91.0,Irritable bowel syndrome,disease,ICD-11,nddii
DB12239,Balicatib,drug,DrugBank,FB83.0,Osteoporosis,disease,ICD-11,nddii
DB04867,Lintitript,drug,DrugBank,2C10,Pancreatic cancer,disease,ICD-11,nddii
DB04867,Lintitript,drug,DrugBank,5B81,Obesity,disease,ICD-11,nddii
DB17151,"5,6-dihydro-5-azacytidine",drug,DrugBank,2C51.2,Mesothelioma,disease,ICD-11,nddii
DB08012,Pirodavir,drug,DrugBank,1A24-1D9Z,Virus infection,disease,ICD-11,nddii
DB12998,PF-00217830,drug,DrugBank,6A60,Bipolar disorder,disease,ICD-11,nddii
DB08490,CTS-1027,drug,DrugBank,1E51.1,Hepatitis C virus infection,disease,ICD-11,nddii
DB11920,Lesogaberan,drug,DrugBank,DA22.Z,Gastroesophageal reflux disease,disease,ICD-11,nddii
DB02424,Geldanamycin,drug,DrugBank,2C90.0,Kidney cancer,disease,ICD-11,nddii
DB02424,Geldanamycin,drug,DrugBank,ND56.4,Peripheral nerve damage,disease,ICD-11,nddii
DB05855,Rivanicline,drug,DrugBank,6D71,Cognitive impairment,disease,ICD-11,nddii
DB06435,Tarazepide,drug,DrugBank,DE2Z,Gastrointestinal disease,disease,ICD-11,nddii
DB12948,Didox,drug,DrugBank,2A00-2F9Z,Solid tumour/cancer,disease,ICD-11,nddii
DB12178,Telinavir,drug,DrugBank,1C62,Human immunodeficiency virus infection,disease,ICD-11,nddii
DB05420,Gallium maltolate,drug,DrugBank,1C62,Human immunodeficiency virus infection,disease,ICD-11,nddii
DB15466,Tallimustine,drug,DrugBank,2A00-2F9Z,Solid tumour/cancer,disease,ICD-11,nddii
DB07238,Nesbuvir,drug,DrugBank,1E51.1,Hepatitis C virus infection,disease,ICD-11,nddii
DB06346,Fiboflapon,drug,DrugBank,CA23,Asthma,disease,ICD-11,nddii
DB11481,Atipamezole,drug,DrugBank,HA02.0,Male sexual disorder,disease,ICD-11,nddii
DB12666,Emapunil,drug,DrugBank,6B00-6B0Z,Anxiety disorder,disease,ICD-11,nddii
DB08772,Zopolrestat,drug,DrugBank,5A2Y,Diabetic complication,disease,ICD-11,nddii
DB09084,Benzydamine,drug,DrugBank,DA42-DA60,Chemotherapy or radiotherapy-induced mucositis,disease,ICD-11,nddii
DB12743,Z-160,drug,DrugBank,MG30-MG3Z,Pain,disease,ICD-11,nddii
DB06157,Istaroxime,drug,DrugBank,BA00-BE2Z,Cardiac disease,disease,ICD-11,nddii
DB12045,Mericitabine,drug,DrugBank,1E51.1,Hepatitis C virus infection,disease,ICD-11,nddii
DB04887,Brecanavir,drug,DrugBank,1C62,Human immunodeficiency virus infection,disease,ICD-11,nddii
DB06281,Torcetrapib,drug,DrugBank,5C80,Hyperlipidaemia,disease,ICD-11,nddii
DB06281,Torcetrapib,drug,DrugBank,BD4Z,Peripheral vascular disease,disease,ICD-11,nddii
DB05255,Ronacaleret,drug,DrugBank,FB83.0,Osteoporosis,disease,ICD-11,nddii
DB04253,Tretazicar,drug,DrugBank,2A00-2F9Z,Solid tumour/cancer,disease,ICD-11,nddii
DB05562,Naluzotan,drug,DrugBank,6A60-6E23,Mood disorder,disease,ICD-11,nddii
DB05785,LGD-1550,drug,DrugBank,2A00-2F9Z,Solid tumour/cancer,disease,ICD-11,nddii
DB05542,Naronapride,drug,DrugBank,DA22.Z,Gastroesophageal reflux disease,disease,ICD-11,nddii
DB06538,Robalzotan,drug,DrugBank,6B00-6B0Z,Anxiety disorder,disease,ICD-11,nddii
DB13068,9-(N-methyl-L-isoleucine)-cyclosporin A,drug,DrugBank,2A00-2F9Z,Solid tumour/cancer,disease,ICD-11,nddii
DB12884,Lavoltidine,drug,DrugBank,DA22.Z,Gastroesophageal reflux disease,disease,ICD-11,nddii
DB05495,PG-530742,drug,DrugBank,BA41-BA43,Myocardial infarction,disease,ICD-11,nddii
DB05495,PG-530742,drug,DrugBank,FA00-FA05,Osteoarthritis,disease,ICD-11,nddii
DB11393,Danofloxacin,drug,DrugBank,1A00-1C4Z,Bacterial infection,disease,ICD-11,nddii
DB06421,Declopramide,drug,DrugBank,DD72,Inflammatory bowel disease,disease,ICD-11,nddii
DB03395,Enalkiren,drug,DrugBank,9C61,Glaucoma/ocular hypertension,disease,ICD-11,nddii
DB05532,BMS-488043,drug,DrugBank,1C62,Human immunodeficiency virus infection,disease,ICD-11,nddii
DB12644,AZD-2066,drug,DrugBank,6A70.3,Major depressive disorder,disease,ICD-11,nddii
DB12644,AZD-2066,drug,DrugBank,DA22.Z,Gastroesophageal reflux disease,disease,ICD-11,nddii
DB12644,AZD-2066,drug,DrugBank,MG30.5,Chronic neuropathic pain,disease,ICD-11,nddii
DB17078,AZD2066,drug,DrugBank,6A70.3,Major depressive disorder,disease,ICD-11,nddii
DB17078,AZD2066,drug,DrugBank,DA22.Z,Gastroesophageal reflux disease,disease,ICD-11,nddii
DB17078,AZD2066,drug,DrugBank,MG30.5,Chronic neuropathic pain,disease,ICD-11,nddii
DB00981,Physostigmine,drug,DrugBank,DA02.1,Xerostomia,disease,ICD-11,nddii
DB01816,Castanospermine,drug,DrugBank,5A2Y,Diabetic complication,disease,ICD-11,nddii
DB08633,TNP-470,drug,DrugBank,2A00-2F9Z,Solid tumour/cancer,disease,ICD-11,nddii
DB07724,Indeglitazar,drug,DrugBank,5A11,Type-2 diabetes,disease,ICD-11,nddii
DB13016,LY-2300559,drug,DrugBank,8A80,Migraine,disease,ICD-11,nddii
DB12280,AZD-5423,drug,DrugBank,CA22,Chronic obstructive pulmonary disease,disease,ICD-11,nddii
DB11180,Tetrofosmin,drug,DrugBank,2A00-2F9Z,Solid tumour/cancer,disease,ICD-11,nddii
DB12423,Fozivudine Tidoxil,drug,DrugBank,1C62,Human immunodeficiency virus infection,disease,ICD-11,nddii
DB12799,Laniquidar,drug,DrugBank,2A00-2F9Z,Solid tumour/cancer,disease,ICD-11,nddii
DB11790,Radafaxine,drug,DrugBank,6A70.3,Major depressive disorder,disease,ICD-11,nddii
DB05956,EVT-101,drug,DrugBank,8E43.0,Neuropathic pain,disease,ICD-11,nddii
DB11871,PF-00610355,drug,DrugBank,CA22,Chronic obstructive pulmonary disease,disease,ICD-11,nddii
DB12507,Atecegatran metoxil,drug,DrugBank,BC81.3Y,Nonvalvular atrial fibrillation,disease,ICD-11,nddii
DB12507,Atecegatran metoxil,drug,DrugBank,DB61-GB90,Thrombosis,disease,ICD-11,nddii
DB14068,Dexniguldipine,drug,DrugBank,2A00-2F9Z,Solid tumour/cancer,disease,ICD-11,nddii
DB12448,Lifibrol,drug,DrugBank,BD40,Arteriosclerosis,disease,ICD-11,nddii
DB05714,Flovagatran,drug,DrugBank,DB61-GB90,Thrombosis,disease,ICD-11,nddii
DB11984,Letaxaban,drug,DrugBank,DB61-GB90,Thrombosis,disease,ICD-11,nddii
DB02102,Mozenavir,drug,DrugBank,1C62,Human immunodeficiency virus infection,disease,ICD-11,nddii
DB03841,Niraxostat,drug,DrugBank,FA25,Gout,disease,ICD-11,nddii
DB11961,AZD-1236,drug,DrugBank,CA22,Chronic obstructive pulmonary disease,disease,ICD-11,nddii
DB05626,Retaspimycin,drug,DrugBank,2C25.Y,Non-small-cell lung cancer,disease,ICD-11,nddii
DB12309,GI-181771X,drug,DrugBank,5B81,Obesity,disease,ICD-11,nddii
DB06508,GW-559090,drug,DrugBank,CA08.0,Allergic rhinitis,disease,ICD-11,nddii
DB16892,Sinomenine,drug,DrugBank,FA20,Arthritis,disease,ICD-11,nddii
DB14932,Coleneuramide,drug,DrugBank,6D71,Cognitive impairment,disease,ICD-11,nddii
DB06549,Labradimil,drug,DrugBank,2A00,Brain cancer,disease,ICD-11,nddii
DB05695,NPS-2143,drug,DrugBank,FB83.0,Osteoporosis,disease,ICD-11,nddii
DB17736,Pocapavir,drug,DrugBank,1D91,Enterovirus infection,disease,ICD-11,nddii
DB12303,Motolimod,drug,DrugBank,4A80-4A85,Allergy,disease,ICD-11,nddii
DB14956,Davalintide,drug,DrugBank,5B81,Obesity,disease,ICD-11,nddii
DB17892,TAK-603,drug,DrugBank,DD72,Inflammatory bowel disease,disease,ICD-11,nddii
DB02660,Filaminast,drug,DrugBank,CA22,Chronic obstructive pulmonary disease,disease,ICD-11,nddii
DB06194,Elocalcitol,drug,DrugBank,MF50.2,Urinary incontinence,disease,ICD-11,nddii
DB11882,BPC-157,drug,DrugBank,DD72,Inflammatory bowel disease,disease,ICD-11,nddii
DB05465,Tandutinib,drug,DrugBank,2A00.0Y,Anaplastic mixed oligoastrocytoma,disease,ICD-11,nddii
DB13876,Brofaromine,drug,DrugBank,6B00-6B0Z,Anxiety disorder,disease,ICD-11,nddii
DB02009,L-756423,drug,DrugBank,1C62,Human immunodeficiency virus infection,disease,ICD-11,nddii
DB16739,MK-886,drug,DrugBank,CA23,Asthma,disease,ICD-11,nddii
DB06236,Elvucitabine,drug,DrugBank,1C62,Human immunodeficiency virus infection,disease,ICD-11,nddii
DB12889,Velneperit,drug,DrugBank,5B81,Obesity,disease,ICD-11,nddii
DB05458,Pozanicline,drug,DrugBank,6A05.Z,Attention deficit hyperactivity disorder,disease,ICD-11,nddii
DB05458,Pozanicline,drug,DrugBank,6B00-6B0Z,Anxiety disorder,disease,ICD-11,nddii
DB05458,Pozanicline,drug,DrugBank,6D80-6D86,Dementia,disease,ICD-11,nddii
DB01873,Epothilone D,drug,DrugBank,2C60-2C65,Breast cancer,disease,ICD-11,nddii
DB12365,Perzinfotel,drug,DrugBank,8C0Z,Diabetic neuropathy,disease,ICD-11,nddii
DB06468,Cariporide,drug,DrugBank,BA40,Angina pectoris,disease,ICD-11,nddii
DB16315,Rivenprost,drug,DrugBank,ND56,Fracture,disease,ICD-11,nddii
DB06741,Gavestinel,drug,DrugBank,ND56.4,Nerve injury,disease,ICD-11,nddii
DB11889,Lanicemine,drug,DrugBank,6A70.3,Major depressive disorder,disease,ICD-11,nddii
DB05431,MLN-977,drug,DrugBank,CA22,Chronic obstructive pulmonary disease,disease,ICD-11,nddii
DB17856,Soraprazan,drug,DrugBank,DA61,Peptic ulcer,disease,ICD-11,nddii
DB12222,Lurtotecan,drug,DrugBank,2C25.0,Lung cancer,disease,ICD-11,nddii
DB15641,Droloxifene,drug,DrugBank,2C60-2C65,Breast cancer,disease,ICD-11,nddii
DB05414,Pipendoxifene,drug,DrugBank,2C60-2C65,Breast cancer,disease,ICD-11,nddii
DB03451,Lexacalcitol,drug,DrugBank,2A00-2F9Z,Solid tumour/cancer,disease,ICD-11,nddii
DB02034,Tridolgosir,drug,DrugBank,2A00-2F9Z,Solid tumour/cancer,disease,ICD-11,nddii
DB12378,Apricoxib,drug,DrugBank,2C10,Pancreatic cancer,disease,ICD-11,nddii
DB12378,Apricoxib,drug,DrugBank,2C25.Y,Non-small-cell lung cancer,disease,ICD-11,nddii
DB06920,Eribaxaban,drug,DrugBank,DB61-GB90,Thrombosis,disease,ICD-11,nddii
DB06367,Relacatib,drug,DrugBank,2D50,Bone metastases,disease,ICD-11,nddii
DB06367,Relacatib,drug,DrugBank,FB83.0,Osteoporosis,disease,ICD-11,nddii
DB02255,Ilomastat,drug,DrugBank,9A76,Corneal ulcer,disease,ICD-11,nddii
DB06258,Bimoclomol,drug,DrugBank,5A2Y,Diabetic complication,disease,ICD-11,nddii
DB16040,DU125530,drug,DrugBank,6A60-6E23,Mood disorder,disease,ICD-11,nddii
DB12760,GW-493838,drug,DrugBank,8E43.0,Neuropathic pain,disease,ICD-11,nddii
DB07884,Opaviraline,drug,DrugBank,1C62,Human immunodeficiency virus infection,disease,ICD-11,nddii
DB12291,Tacedinaline,drug,DrugBank,2A00-2F9Z,Solid tumour/cancer,disease,ICD-11,nddii
DB12694,CE-326597,drug,DrugBank,5B81,Obesity,disease,ICD-11,nddii
DB06447,E5531,drug,DrugBank,1G40-1G41,Sepsis,disease,ICD-11,nddii
DB06187,Valtorcitabine,drug,DrugBank,1E50-1E51,Hepatitis virus infection,disease,ICD-11,nddii
DB04905,Tesmilifene,drug,DrugBank,2C60-2C65,Breast cancer,disease,ICD-11,nddii
DB06657,Valrocemide,drug,DrugBank,8A60-8A68,Epilepsy,disease,ICD-11,nddii
DB12774,AZD-8055,drug,DrugBank,2A00-2F9Z,Solid tumour/cancer,disease,ICD-11,nddii
DB06499,Furaprofen,drug,DrugBank,1E51.1,Hepatitis C virus infection,disease,ICD-11,nddii
DB11902,Gisadenafil,drug,DrugBank,HA01.1,Erectile dysfunction,disease,ICD-11,nddii
DB04975,Banoxantrone,drug,DrugBank,2A85,Acute lymphoblastic leukaemia,disease,ICD-11,nddii
DB13095,JTK-853,drug,DrugBank,1E51.1,Hepatitis C virus infection,disease,ICD-11,nddii
DB15585,ORG-31710,drug,DrugBank,QA21,Contraception,disease,ICD-11,nddii
DB08094,RO-4584820,drug,DrugBank,2A00-2F9Z,Advanced solid tumour,disease,ICD-11,nddii
DB11623,Candoxatrilat,drug,DrugBank,BD10-BD13,Heart failure,disease,ICD-11,nddii
DB01524,Androstenediol,drug,DrugBank,3B64,Thrombocytopenia,disease,ICD-11,nddii
DB06875,ERB-196,drug,DrugBank,DD72,Inflammatory bowel disease,disease,ICD-11,nddii
DB04881,Elacridar,drug,DrugBank,2A00-2F9Z,Solid tumour/cancer,disease,ICD-11,nddii
DB12933,RO-4987655,drug,DrugBank,2A00-2F9Z,Solid tumour/cancer,disease,ICD-11,nddii
DB12682,Mubritinib,drug,DrugBank,2A00-2F9Z,Solid tumour/cancer,disease,ICD-11,nddii
DB12806,GSK-1004723,drug,DrugBank,CA08.0,Allergic rhinitis,disease,ICD-11,nddii
DB13023,IPI-493,drug,DrugBank,2B72,Gastric adenocarcinoma,disease,ICD-11,nddii
DB13059,PF-03814735,drug,DrugBank,2A00-2F9Z,Advanced solid tumour,disease,ICD-11,nddii
DB11962,GSK-1059615,drug,DrugBank,2C60-2C65,Breast cancer,disease,ICD-11,nddii
DB11962,GSK-1059615,drug,DrugBank,2C76,Endometrial cancer,disease,ICD-11,nddii
DB12919,T-62,drug,DrugBank,8E43.0,Neuropathic pain,disease,ICD-11,nddii
DB16294,Pexmetinib,drug,DrugBank,FA20,Arthritis,disease,ICD-11,nddii
DB04725,Licofelone,drug,DrugBank,FA00-FA05,Osteoarthritis,disease,ICD-11,nddii
DB03701,Vanoxerine,drug,DrugBank,6C45.2,Cocaine addiction,disease,ICD-11,nddii
DB12847,Pyroxamide,drug,DrugBank,2A00-2F9Z,Solid tumour/cancer,disease,ICD-11,nddii
DB06061,AZD-8330,drug,DrugBank,2A00-2F9Z,Solid tumour/cancer,disease,ICD-11,nddii
DB15221,PF-06260414,drug,DrugBank,MG20,Cachexia,disease,ICD-11,nddii
DB14069,ONT-093,drug,DrugBank,2A00-2F9Z,Solid tumour/cancer,disease,ICD-11,nddii
DB08414,PNU-142721,drug,DrugBank,1C62,Human immunodeficiency virus infection,disease,ICD-11,nddii
DB13534,Gedocarnil,drug,DrugBank,6B00-6B0Z,Anxiety disorder,disease,ICD-11,nddii
DB05905,TD-2749,drug,DrugBank,DE2Z,Gastrointestinal disease,disease,ICD-11,nddii
DB12611,PF-477736,drug,DrugBank,2A00-2F9Z,Advanced solid tumour,disease,ICD-11,nddii
DB11654,T-2000,drug,DrugBank,8B1Z,Cerebrovascular ischaemia,disease,ICD-11,nddii
DB08598,R-82913,drug,DrugBank,1C62,Human immunodeficiency virus infection,disease,ICD-11,nddii
DB05932,Denibulin,drug,DrugBank,2A00-2F9Z,Solid tumour/cancer,disease,ICD-11,nddii
DB02668,JE-2147,drug,DrugBank,1C62,Human immunodeficiency virus infection,disease,ICD-11,nddii
DB01941,LG-100268,drug,DrugBank,1C62.3,Acquired immune deficiency syndrome,disease,ICD-11,nddii
DB15012,Farampator,drug,DrugBank,6A70.3,Major depressive disorder,disease,ICD-11,nddii
DB17624,Cyclocreatine,drug,DrugBank,1A24-1D9Z,Virus infection,disease,ICD-11,nddii
DB12210,AZD-6280,drug,DrugBank,6B00-6B0Z,Anxiety disorder,disease,ICD-11,nddii
DB14025,Clinafloxacin,drug,DrugBank,CA40,Pneumonia,disease,ICD-11,nddii
DB02712,Sorbinil,drug,DrugBank,9B10.21,Diabetic cataract,disease,ICD-11,nddii
DB11814,PF-03882845,drug,DrugBank,GB61.Z,Diabetic nephropathy,disease,ICD-11,nddii
DB14059,SC-236,drug,DrugBank,2A00-2F9Z,Solid tumour/cancer,disease,ICD-11,nddii
DB06160,Garenoxacin,drug,DrugBank,BB40-BA42,Endocarditis,disease,ICD-11,nddii
DB12967,Mitoguazone,drug,DrugBank,2D42,Head and neck cancer,disease,ICD-11,nddii
DB14064,Emopamil,drug,DrugBank,8B1Z,Cerebrovascular ischaemia,disease,ICD-11,nddii
DB06446,Dotarizine,drug,DrugBank,8A80,Migraine,disease,ICD-11,nddii
DB00886,Omapatrilat,drug,DrugBank,BA00-BA04,Hypertension,disease,ICD-11,nddii
DB12996,Acteoside,drug,DrugBank,GB40,Nephritis,disease,ICD-11,nddii
DB06673,Almorexant,drug,DrugBank,7A00-7A0Z,Insomnia,disease,ICD-11,nddii
DB06673,Almorexant,drug,DrugBank,7A00-7B2Z,Sleep-wake disorder,disease,ICD-11,nddii
DB06521,Ertiprotafib,drug,DrugBank,5A11,Type-2 diabetes,disease,ICD-11,nddii
DB16742,RP-67580,drug,DrugBank,MG30-MG3Z,Pain,disease,ICD-11,nddii
DB06519,Edaglitazone,drug,DrugBank,5A11,Type-2 diabetes,disease,ICD-11,nddii
DB03860,ICI-164384,drug,DrugBank,2C60-2C65,Breast cancer,disease,ICD-11,nddii
DB14060,NS-398,drug,DrugBank,GA10,Endometriosis,disease,ICD-11,nddii
DB01830,AP-22408,drug,DrugBank,FB83.0,Osteoporosis,disease,ICD-11,nddii
DB13476,Diisopromine,drug,DrugBank,2A00-2F9Z,Solid tumour/cancer,disease,ICD-11,nddii
DB09234,Darodipine,drug,DrugBank,8B1Z,Cerebrovascular ischaemia,disease,ICD-11,nddii
DB04743,Nimesulide,drug,DrugBank,2B33.5,Non-hodgkin lymphoma,disease,ICD-11,nddii
DB04743,Nimesulide,drug,DrugBank,2B91,Metastatic colorectal cancer,disease,ICD-11,nddii
DB04743,Nimesulide,drug,DrugBank,2C25.Y,Non-small-cell lung cancer,disease,ICD-11,nddii
DB02132,Zenarestat,drug,DrugBank,8C0Z,Diabetic neuropathy,disease,ICD-11,nddii
DB04466,SR12813,drug,DrugBank,BD40,Arteriosclerosis,disease,ICD-11,nddii
DB14980,AZD-6482,drug,DrugBank,DB61-GB90,Thrombosis,disease,ICD-11,nddii
DB02918,Zardaverine,drug,DrugBank,CA22,Chronic obstructive pulmonary disease,disease,ICD-11,nddii
DB04546,3-Deazaadenosine,drug,DrugBank,FA20,Arthritis,disease,ICD-11,nddii
DB06472,Fradafiban,drug,DrugBank,DB61-GB90,Thrombosis,disease,ICD-11,nddii
DB14887,PF-04620110,drug,DrugBank,5A11,Type-2 diabetes,disease,ICD-11,nddii
DB17759,Navuridine,drug,DrugBank,1C62,Human immunodeficiency virus infection,disease,ICD-11,nddii
DB13228,Flosequinan,drug,DrugBank,BA00-BE2Z,Cardiovascular disease,disease,ICD-11,nddii
DB14034,Darglitazone,drug,DrugBank,5A2Y,Diabetic complication,disease,ICD-11,nddii
DB02341,"Mdl 101,146",drug,DrugBank,1A00-CA43.1,Inflammation,disease,ICD-11,nddii
DB08059,Wortmannin,drug,DrugBank,2B33.Y,Haematological malignancy,disease,ICD-11,nddii
DB08927,Amperozide,drug,DrugBank,6C40.2,Alcohol dependence,disease,ICD-11,nddii
DB05835,NS-3728,drug,DrugBank,2A00-2F9Z,Solid tumour/cancer,disease,ICD-11,nddii
DB13988,SB-269970,drug,DrugBank,7A00-7B2Z,Sleep-wake disorder,disease,ICD-11,nddii
