head_id,head_name,head_type,head_ref,tail_id,tail_name,tail_type,tail_ref,predicate,status
DB08604,Triclosan,drug,DrugBank,673.0,Malaria,disease,Orphanet,ddii,Approved
DB00142,Glutamic acid,drug,DrugBank,3140.0,Schizophrenia,disease,Orphanet,ddii,Approved
DB12887,Tazemetostat,drug,DrugBank,545.0,Follicular lymphoma,disease,Orphanet,ddii,Approved
DB12887,Tazemetostat,drug,DrugBank,544.0,Diffuse large B-cell lymphoma,disease,Orphanet,ddii,Phase 1/2
DB12887,Tazemetostat,drug,DrugBank,3273.0,Synovial sarcoma,disease,Orphanet,ddii,Phase 1
DB01042,Melphalan,drug,DrugBank,29073.0,Multiple myeloma,disease,Orphanet,ddii,Approved
DB09031,Miltefosine,drug,DrugBank,507.0,Leishmaniasis,disease,Orphanet,ddii,Approved
DB12005,Nirogacestat,drug,DrugBank,238616.0,Alzheimer disease,disease,Orphanet,ddii,Phase 2
DB01101,Capecitabine,drug,DrugBank,466667.0,Colorectal cancer,disease,Orphanet,ddii,Approved
DB04552,Niflumic acid,drug,DrugBank,284130.0,Rheumatoid arthritis,disease,Orphanet,ddii,Approved
DB06216,Asenapine,drug,DrugBank,3140.0,Schizophrenia,disease,Orphanet,ddii,Approved
DB01100,Pimozide,drug,DrugBank,3140.0,Schizophrenia,disease,Orphanet,ddii,Approved
DB01250,Olsalazine,drug,DrugBank,771.0,Ulcerative colitis,disease,Orphanet,ddii,Approved
DB08900,Teduglutide,drug,DrugBank,104008.0,Short bowel syndrome,disease,Orphanet,ddii,Approved
DB12265,Fexinidazole,drug,DrugBank,3385.0,African trypanosomiasis,disease,Orphanet,ddii,Approved
DB12401,Bromperidol,drug,DrugBank,3140.0,Schizophrenia,disease,Orphanet,ddii,Approved
DB08889,Carfilzomib,drug,DrugBank,29073.0,Multiple myeloma,disease,Orphanet,ddii,Approved
DB09073,Palbociclib,drug,DrugBank,3140.0,Schizophrenia,disease,Orphanet,ddii,Terminated
DB00181,Baclofen,drug,DrugBank,802.0,Multiple sclerosis,disease,Orphanet,ddii,Approved
DB00181,Baclofen,drug,DrugBank,908.0,Fragile X syndrome,disease,Orphanet,ddii,Phase 3
DB16627,Melphalan flufenamide,drug,DrugBank,29073.0,Multiple myeloma,disease,Orphanet,ddii,Approved
DB16627,Melphalan flufenamide,drug,DrugBank,213500.0,Ovarian cancer,disease,Orphanet,ddii,Phase 1/2
DB01043,Memantine,drug,DrugBank,238616.0,Alzheimer disease,disease,Orphanet,ddii,Approved
DB00130,L-Glutamine,drug,DrugBank,104008.0,Short bowel syndrome,disease,Orphanet,ddii,Approved
DB00844,Nalbuphine,drug,DrugBank,94059.0,Uremic pruritus,disease,Orphanet,ddii,Phase 2/3
DB06436,Semaxanib,drug,DrugBank,52688.0,Myelodysplastic syndrome,disease,Orphanet,ddii,Phase 2
DB06436,Semaxanib,drug,DrugBank,29073.0,Multiple myeloma,disease,Orphanet,ddii,Phase 2
DB01038,Carphenazine,drug,DrugBank,3140.0,Schizophrenia,disease,Orphanet,ddii,Withdrawn from market
DB11632,Opicapone,drug,DrugBank,319705.0,Parkinson disease,disease,Orphanet,ddii,Approved
DB12332,Rucaparib,drug,DrugBank,213500.0,Ovarian cancer,disease,Orphanet,ddii,Approved
DB11642,Pitolisant,drug,DrugBank,3140.0,Schizophrenia,disease,Orphanet,ddii,Phase 3
DB00374,Treprostinil,drug,DrugBank,182090.0,Pulmonary arterial hypertension,disease,Orphanet,ddii,Approved
DB00694,Daunorubicin,drug,DrugBank,33276.0,Kaposi sarcoma,disease,Orphanet,ddii,Approved
DB15149,Futibatinib,drug,DrugBank,70567.0,Cholangiocarcinoma,disease,Orphanet,ddii,Phase 3
DB15149,Futibatinib,drug,DrugBank,29073.0,Multiple myeloma,disease,Orphanet,ddii,Phase 1/2
DB06626,Axitinib,drug,DrugBank,217071.0,Renal cell carcinoma,disease,Orphanet,ddii,Approved
DB05154,Pretomanid,drug,DrugBank,3389.0,Tuberculosis,disease,Orphanet,ddii,Approved
DB08824,Ioflupane I-123,drug,DrugBank,319705.0,Parkinson disease,disease,Orphanet,ddii,Approved
DB00850,Perphenazine,drug,DrugBank,3140.0,Schizophrenia,disease,Orphanet,ddii,Approved
DB00488,Altretamine,drug,DrugBank,213500.0,Ovarian cancer,disease,Orphanet,ddii,Approved
DB00942,Cycrimine,drug,DrugBank,319705.0,Parkinson disease,disease,Orphanet,ddii,Approved
DB18214,Ibutamoren,drug,DrugBank,41842.0,Fibromyalgia,disease,Orphanet,ddii,Approved
DB01030,Topotecan,drug,DrugBank,213500.0,Ovarian cancer,disease,Orphanet,ddii,Approved
DB06045,Trofinetide,drug,DrugBank,778.0,Rett syndrome,disease,Orphanet,ddii,Approved
DB06045,Trofinetide,drug,DrugBank,908.0,Fragile X syndrome,disease,Orphanet,ddii,Phase 2
DB14924,Ritlecitinib,drug,DrugBank,79364.0,Alopecia,disease,Orphanet,ddii,Phase 2/3
DB14924,Ritlecitinib,drug,DrugBank,206.0,Crohn disease,disease,Orphanet,ddii,Phase 1
DB04951,Pirfenidone,drug,DrugBank,2032.0,Idiopathic pulmonary fibrosis,disease,Orphanet,ddii,Approved
DB00260,Cycloserine,drug,DrugBank,3389.0,Tuberculosis,disease,Orphanet,ddii,Approved
DB00104,Octreotide,drug,DrugBank,963.0,Acromegaly,disease,Orphanet,ddii,Approved
DB08918,Levomilnacipran,drug,DrugBank,41842.0,Fibromyalgia,disease,Orphanet,ddii,Approved
DB09118,Stiripentol,drug,DrugBank,33069.0,Dravet syndrome,disease,Orphanet,ddii,Approved
DB00795,Sulfasalazine,drug,DrugBank,284130.0,Rheumatoid arthritis,disease,Orphanet,ddii,Approved
DB11837,Osilodrostat,drug,DrugBank,96253.0,Cushing disease,disease,Orphanet,ddii,Approved
DB06288,Amisulpride,drug,DrugBank,3140.0,Schizophrenia,disease,Orphanet,ddii,Approved
DB11679,Fruquintinib,drug,DrugBank,466667.0,Colorectal cancer,disease,Orphanet,ddii,Approved
DB00439,Cerivastatin,drug,DrugBank,29073.0,Multiple myeloma,disease,Orphanet,ddii,Phase 1/2
DB00877,Sirolimus,drug,DrugBank,29073.0,Multiple myeloma,disease,Orphanet,ddii,Approved
DB11886,Infigratinib,drug,DrugBank,70567.0,Cholangiocarcinoma,disease,Orphanet,ddii,Approved
DB00391,Sulpiride,drug,DrugBank,3140.0,Schizophrenia,disease,Orphanet,ddii,Approved
DB05266,Ibudilast,drug,DrugBank,802.0,Multiple sclerosis,disease,Orphanet,ddii,Phase 2
DB05266,Ibudilast,drug,DrugBank,803.0,Amyotrophic lateral sclerosis,disease,Orphanet,ddii,Phase 2
DB05109,Trabectedin,drug,DrugBank,213500.0,Ovarian cancer,disease,Orphanet,ddii,Phase 3
DB00482,Celecoxib,drug,DrugBank,284130.0,Rheumatoid arthritis,disease,Orphanet,ddii,Approved
DB00888,Mechlorethamine,drug,DrugBank,98293.0,Hodgkin lymphoma,disease,Orphanet,ddii,Phase 3
DB01108,Trilostane,drug,DrugBank,96253.0,Cushing disease,disease,Orphanet,ddii,Approved
DB00573,Fenoprofen,drug,DrugBank,284130.0,Rheumatoid arthritis,disease,Orphanet,ddii,Approved
DB00933,Mesoridazine,drug,DrugBank,3140.0,Schizophrenia,disease,Orphanet,ddii,Approved
DB00688,Mycophenolate mofetil,drug,DrugBank,704.0,Pemphigus vulgaris,disease,Orphanet,ddii,Phase 3
DB01186,Pergolide,drug,DrugBank,319705.0,Parkinson disease,disease,Orphanet,ddii,Approved
DB08877,Ruxolitinib,drug,DrugBank,3318.0,Essential thrombocythemia,disease,Orphanet,ddii,Approved
DB08877,Ruxolitinib,drug,DrugBank,3435.0,Vitiligo,disease,Orphanet,ddii,Phase 1/2
DB00613,Amodiaquine,drug,DrugBank,673.0,Malaria,disease,Orphanet,ddii,Approved
DB08931,Riociguat,drug,DrugBank,182090.0,Pulmonary arterial hypertension,disease,Orphanet,ddii,Approved
DB08911,Trametinib,drug,DrugBank,411533.0,Melanoma,disease,Orphanet,ddii,Approved
DB11678,Treosulfan,drug,DrugBank,411533.0,Melanoma,disease,Orphanet,ddii,Approved
DB06196,Icatibant,drug,DrugBank,91378.0,Hereditary angioedema,disease,Orphanet,ddii,Approved
DB11431,Moxidectin,drug,DrugBank,2737.0,Onchocerciasis,disease,Orphanet,ddii,Approved
DB00615,Rifabutin,drug,DrugBank,3389.0,Tuberculosis,disease,Orphanet,ddii,Approved
DB00242,Cladribine,drug,DrugBank,802.0,Multiple sclerosis,disease,Orphanet,ddii,Phase 3
DB00452,Framycetin,drug,DrugBank,90062.0,Acute liver failure,disease,Orphanet,ddii,Approved
DB00544,Fluorouracil,drug,DrugBank,466667.0,Colorectal cancer,disease,Orphanet,ddii,Investigative
DB00359,Sulfadiazine,drug,DrugBank,3099.0,Rheumatic fever,disease,Orphanet,ddii,Approved
DB11660,Latanoprostene bunod,drug,DrugBank,217071.0,Renal cell carcinoma,disease,Orphanet,ddii,Phase 3
DB13619,Bornaprine,drug,DrugBank,319705.0,Parkinson disease,disease,Orphanet,ddii,Approved
DB08912,Dabrafenib,drug,DrugBank,411533.0,Melanoma,disease,Orphanet,ddii,Approved
DB01088,Iloprost,drug,DrugBank,182090.0,Pulmonary arterial hypertension,disease,Orphanet,ddii,Approved
DB12243,Edaravone,drug,DrugBank,803.0,Amyotrophic lateral sclerosis,disease,Orphanet,ddii,Approved
DB06810,Plicamycin,drug,DrugBank,213500.0,Ovarian cancer,disease,Orphanet,ddii,Investigative
DB01122,Ambenonium,drug,DrugBank,589.0,Myasthenia gravis,disease,Orphanet,ddii,Approved
DB06708,Lumefantrine,drug,DrugBank,673.0,Malaria,disease,Orphanet,ddii,Approved
DB01367,Rasagiline,drug,DrugBank,319705.0,Parkinson disease,disease,Orphanet,ddii,Approved
DB11928,Vosoritide,drug,DrugBank,15.0,Achondroplasia,disease,Orphanet,ddii,Approved
DB00711,Diethylcarbamazine,drug,DrugBank,2035.0,Lymphatic filariasis,disease,Orphanet,ddii,Approved
DB00290,Bleomycin,drug,DrugBank,98293.0,Hodgkin lymphoma,disease,Orphanet,ddii,Approved
DB04864,Huperzine A,drug,DrugBank,238616.0,Alzheimer disease,disease,Orphanet,ddii,Approved
DB01200,Bromocriptine,drug,DrugBank,319705.0,Parkinson disease,disease,Orphanet,ddii,Approved
DB09213,Dexibuprofen,drug,DrugBank,825.0,Ankylosing spondylitis,disease,Orphanet,ddii,Approved
DB01263,Posaconazole,drug,DrugBank,1163.0,Aspergillosis,disease,Orphanet,ddii,Approved
DB14568,Ivosidenib,drug,DrugBank,70567.0,Cholangiocarcinoma,disease,Orphanet,ddii,Phase 3
DB12612,Ozanimod,drug,DrugBank,802.0,Multiple sclerosis,disease,Orphanet,ddii,Approved
DB12612,Ozanimod,drug,DrugBank,771.0,Ulcerative colitis,disease,Orphanet,ddii,Phase 3
DB12612,Ozanimod,drug,DrugBank,206.0,Crohn disease,disease,Orphanet,ddii,Phase 2
DB13170,Plecanatide,drug,DrugBank,206.0,Crohn disease,disease,Orphanet,ddii,Phase 3
DB12371,Siponimod,drug,DrugBank,802.0,Multiple sclerosis,disease,Orphanet,ddii,Approved
DB12371,Siponimod,drug,DrugBank,88673.0,Hepatocellular carcinoma,disease,Orphanet,ddii,Phase 3
DB12371,Siponimod,drug,DrugBank,284130.0,Rheumatoid arthritis,disease,Orphanet,ddii,Phase 2
DB00762,Irinotecan,drug,DrugBank,466667.0,Colorectal cancer,disease,Orphanet,ddii,Approved
DB00745,Modafinil,drug,DrugBank,619284.0,Narcolepsy,disease,Orphanet,ddii,Approved
DB00385,Valrubicin,drug,DrugBank,157980.0,Bladder cancer,disease,Orphanet,ddii,Approved
DB15091,Upadacitinib,drug,DrugBank,284130.0,Rheumatoid arthritis,disease,Orphanet,ddii,Approved
DB15091,Upadacitinib,drug,DrugBank,40050.0,Psoriatic arthritis,disease,Orphanet,ddii,Phase 3
DB15091,Upadacitinib,drug,DrugBank,206.0,Crohn disease,disease,Orphanet,ddii,Phase 2
DB15091,Upadacitinib,drug,DrugBank,771.0,Ulcerative colitis,disease,Orphanet,ddii,Phase 2
DB01218,Halofantrine,drug,DrugBank,673.0,Malaria,disease,Orphanet,ddii,Approved
DB00047,Insulin glargine,drug,DrugBank,673.0,Malaria,disease,Orphanet,ddii,Phase 3
DB06595,Midostaurin,drug,DrugBank,2467.0,Systemic mastocytosis,disease,Orphanet,ddii,Approved
DB06595,Midostaurin,drug,DrugBank,466667.0,Colorectal cancer,disease,Orphanet,ddii,Phase 1
DB11791,Capmatinib,drug,DrugBank,88673.0,Hepatocellular carcinoma,disease,Orphanet,ddii,Phase 2
DB01299,Sulfadoxine,drug,DrugBank,673.0,Malaria,disease,Orphanet,ddii,Approved
DB08880,Teriflunomide,drug,DrugBank,802.0,Multiple sclerosis,disease,Orphanet,ddii,Approved
DB08880,Teriflunomide,drug,DrugBank,284130.0,Rheumatoid arthritis,disease,Orphanet,ddii,Phase 3
DB12865,Etelcalcetide,drug,DrugBank,52688.0,Myelodysplastic syndrome,disease,Orphanet,ddii,Phase 3
DB06608,Tafenoquine,drug,DrugBank,673.0,Malaria,disease,Orphanet,ddii,Approved
DB14992,Pegunigalsidase alfa,drug,DrugBank,324.0,Fabry disease,disease,Orphanet,ddii,Approved
DB00997,Doxorubicin,drug,DrugBank,88673.0,Hepatocellular carcinoma,disease,Orphanet,ddii,Phase 3
DB16267,Olutasidenib,drug,DrugBank,52688.0,Myelodysplastic syndrome,disease,Orphanet,ddii,Phase 1
DB01168,Procarbazine,drug,DrugBank,98293.0,Hodgkin lymphoma,disease,Orphanet,ddii,Approved
DB01093,Dimethyl sulfoxide,drug,DrugBank,284130.0,Rheumatoid arthritis,disease,Orphanet,ddii,Approved
DB01235,Levodopa,drug,DrugBank,319705.0,Parkinson disease,disease,Orphanet,ddii,Approved
DB00939,Meclofenamic acid,drug,DrugBank,825.0,Ankylosing spondylitis,disease,Orphanet,ddii,Approved
DB12267,Brigatinib,drug,DrugBank,98841.0,Anaplastic large cell lymphoma,disease,Orphanet,ddii,Approved
DB00959,Methylprednisolone,drug,DrugBank,90058.0,Spinal cord injury,disease,Orphanet,ddii,Investigative
DB01097,Leflunomide,drug,DrugBank,802.0,Multiple sclerosis,disease,Orphanet,ddii,Approved
DB01400,Neostigmine,drug,DrugBank,589.0,Myasthenia gravis,disease,Orphanet,ddii,Approved
DB06637,Dalfampridine,drug,DrugBank,802.0,Multiple sclerosis,disease,Orphanet,ddii,Approved
DB14840,Ripretinib,drug,DrugBank,2467.0,Systemic mastocytosis,disease,Orphanet,ddii,Phase 1
DB00500,Tolmetin,drug,DrugBank,284130.0,Rheumatoid arthritis,disease,Orphanet,ddii,Approved
DB00608,Chloroquine,drug,DrugBank,673.0,Malaria,disease,Orphanet,ddii,Approved
DB00928,Azacitidine,drug,DrugBank,52688.0,Myelodysplastic syndrome,disease,Orphanet,ddii,Approved
DB00376,Trihexyphenidyl,drug,DrugBank,319705.0,Parkinson disease,disease,Orphanet,ddii,Approved
DB09079,Nintedanib,drug,DrugBank,466667.0,Colorectal cancer,disease,Orphanet,ddii,Approved
DB09079,Nintedanib,drug,DrugBank,2032.0,Idiopathic pulmonary fibrosis,disease,Orphanet,ddii,Approved
DB09079,Nintedanib,drug,DrugBank,213500.0,Ovarian cancer,disease,Orphanet,ddii,Phase 2
DB00617,Paramethadione,drug,DrugBank,1913.0,Fetal trimethadione syndrome,disease,Orphanet,ddii,Approved
DB09053,Ibrutinib,drug,DrugBank,52416.0,Mantle cell lymphoma,disease,Orphanet,ddii,Approved
DB09053,Ibrutinib,drug,DrugBank,545.0,Follicular lymphoma,disease,Orphanet,ddii,Phase 3
DB09053,Ibrutinib,drug,DrugBank,544.0,Diffuse large B-cell lymphoma,disease,Orphanet,ddii,Phase 3
DB01628,Etoricoxib,drug,DrugBank,284130.0,Rheumatoid arthritis,disease,Orphanet,ddii,Approved
DB09241,Methylene blue,drug,DrugBank,464453.0,Acquired methemoglobinemia,disease,Orphanet,ddii,Approved
DB11703,Acalabrutinib,drug,DrugBank,52416.0,Mantle cell lymphoma,disease,Orphanet,ddii,Approved
DB04017,Clorgiline,drug,DrugBank,319705.0,Parkinson disease,disease,Orphanet,ddii,Approved
DB12978,Pexidartinib,drug,DrugBank,238616.0,Alzheimer disease,disease,Orphanet,ddii,Phase 3
DB12978,Pexidartinib,drug,DrugBank,636.0,Neurofibromatosis type 1,disease,Orphanet,ddii,Phase 1/2
DB01618,Molindone,drug,DrugBank,3140.0,Schizophrenia,disease,Orphanet,ddii,Approved
DB02948,Fosmidomycin,drug,DrugBank,673.0,Malaria,disease,Orphanet,ddii,Approved
DB01033,Mercaptopurine,drug,DrugBank,206.0,Crohn disease,disease,Orphanet,ddii,Phase 4
DB15016,Palladium Pd-103,drug,DrugBank,411533.0,Melanoma,disease,Orphanet,ddii,Approved
DB00951,Isoniazid,drug,DrugBank,3389.0,Tuberculosis,disease,Orphanet,ddii,Approved
DB08984,Etofenamate,drug,DrugBank,284130.0,Rheumatoid arthritis,disease,Orphanet,ddii,Approved
DB00712,Flurbiprofen,drug,DrugBank,284130.0,Rheumatoid arthritis,disease,Orphanet,ddii,Approved
DB00916,Metronidazole,drug,DrugBank,206.0,Crohn disease,disease,Orphanet,ddii,Phase 3
DB08910,Pomalidomide,drug,DrugBank,90291.0,Systemic sclerosis,disease,Orphanet,ddii,Approved
DB08908,Dimethyl fumarate,drug,DrugBank,802.0,Multiple sclerosis,disease,Orphanet,ddii,Approved
DB11951,Lemborexant,drug,DrugBank,238616.0,Alzheimer disease,disease,Orphanet,ddii,Phase 2
DB06823,Tiopronin,drug,DrugBank,214.0,Cystinuria,disease,Orphanet,ddii,Approved
DB00619,Imatinib,drug,DrugBank,2467.0,Systemic mastocytosis,disease,Orphanet,ddii,Investigative
DB01267,Paliperidone,drug,DrugBank,3140.0,Schizophrenia,disease,Orphanet,ddii,Approved
DB00810,Biperiden,drug,DrugBank,319705.0,Parkinson disease,disease,Orphanet,ddii,Approved
DB12233,Iguratimod,drug,DrugBank,284130.0,Rheumatoid arthritis,disease,Orphanet,ddii,Approved
DB00157,NADH,drug,DrugBank,319705.0,Parkinson disease,disease,Orphanet,ddii,Approved
DB00205,Pyrimethamine,drug,DrugBank,673.0,Malaria,disease,Orphanet,ddii,Approved
DB11967,Binimetinib,drug,DrugBank,411533.0,Melanoma,disease,Orphanet,ddii,Approved
DB01229,Paclitaxel,drug,DrugBank,213500.0,Ovarian cancer,disease,Orphanet,ddii,Phase 2
DB00244,Mesalazine,drug,DrugBank,771.0,Ulcerative colitis,disease,Orphanet,ddii,Approved
DB13167,Alclofenac,drug,DrugBank,284130.0,Rheumatoid arthritis,disease,Orphanet,ddii,Approved
DB13791,Penfluridol,drug,DrugBank,3140.0,Schizophrenia,disease,Orphanet,ddii,Approved
DB00502,Haloperidol,drug,DrugBank,3140.0,Schizophrenia,disease,Orphanet,ddii,Approved
DB00261,Anagrelide,drug,DrugBank,3318.0,Essential thrombocythemia,disease,Orphanet,ddii,Phase 2
DB00860,Prednisolone,drug,DrugBank,802.0,Multiple sclerosis,disease,Orphanet,ddii,Phase 3
DB00891,Sulfapyridine,drug,DrugBank,1656.0,Dermatitis herpetiformis,disease,Orphanet,ddii,Approved
DB09274,Artesunate,drug,DrugBank,673.0,Malaria,disease,Orphanet,ddii,Approved
DB11763,Momelotinib,drug,DrugBank,729.0,Polycythemia vera,disease,Orphanet,ddii,Phase 2
DB01173,Orphenadrine,drug,DrugBank,319705.0,Parkinson disease,disease,Orphanet,ddii,Approved
DB12975,Pyronaridine,drug,DrugBank,673.0,Malaria,disease,Orphanet,ddii,Approved
DB01623,Thiothixene,drug,DrugBank,3140.0,Schizophrenia,disease,Orphanet,ddii,Approved
DB01202,Levetiracetam,drug,DrugBank,41842.0,Fibromyalgia,disease,Orphanet,ddii,Approved
DB06603,Panobinostat,drug,DrugBank,29073.0,Multiple myeloma,disease,Orphanet,ddii,Approved
DB06603,Panobinostat,drug,DrugBank,824.0,Primary myelofibrosis,disease,Orphanet,ddii,Phase 2
DB01254,Dasatinib,drug,DrugBank,29073.0,Multiple myeloma,disease,Orphanet,ddii,Phase 2
DB00382,Tacrine,drug,DrugBank,238616.0,Alzheimer disease,disease,Orphanet,ddii,Approved
DB12161,Deutetrabenazine,drug,DrugBank,399.0,Huntington disease,disease,Orphanet,ddii,Approved
DB05013,Ingenol mebutate,drug,DrugBank,411533.0,Melanoma,disease,Orphanet,ddii,Phase 3
DB08895,Tofacitinib,drug,DrugBank,284130.0,Rheumatoid arthritis,disease,Orphanet,ddii,Approved
DB01440,gamma-Hydroxybutyric acid,drug,DrugBank,619284.0,Narcolepsy,disease,Orphanet,ddii,Approved
DB06287,Temsirolimus,drug,DrugBank,217071.0,Renal cell carcinoma,disease,Orphanet,ddii,Approved
DB00258,Calcium acetate,drug,DrugBank,436.0,Hypophosphatasia,disease,Orphanet,ddii,Approved
DB11757,Istradefylline,drug,DrugBank,319705.0,Parkinson disease,disease,Orphanet,ddii,Approved
DB15114,Vamorolone,drug,DrugBank,98896.0,Duchenne muscular dystrophy,disease,Orphanet,ddii,Approved
DB15114,Vamorolone,drug,DrugBank,802.0,Multiple sclerosis,disease,Orphanet,ddii,Phase 1
DB15114,Vamorolone,drug,DrugBank,284130.0,Rheumatoid arthritis,disease,Orphanet,ddii,Phase 1
DB00686,Pentosan polysulfate,drug,DrugBank,37202.0,Interstitial cystitis,disease,Orphanet,ddii,Approved
DB04571,Trioxsalen,drug,DrugBank,3435.0,Vitiligo,disease,Orphanet,ddii,Approved
DB09276,Sodium aurothiomalate,drug,DrugBank,284130.0,Rheumatoid arthritis,disease,Orphanet,ddii,Approved
DB17310,Heme arginate,drug,DrugBank,738.0,Porphyria,disease,Orphanet,ddii,Approved
DB01045,Rifampicin,drug,DrugBank,3389.0,Tuberculosis,disease,Orphanet,ddii,Approved
DB00523,Alitretinoin,drug,DrugBank,33276.0,Kaposi sarcoma,disease,Orphanet,ddii,Approved
DB00413,Pramipexole,drug,DrugBank,319705.0,Parkinson disease,disease,Orphanet,ddii,Approved
DB01201,Rifapentine,drug,DrugBank,3389.0,Tuberculosis,disease,Orphanet,ddii,Approved
DB12590,Indiplon,drug,DrugBank,41842.0,Fibromyalgia,disease,Orphanet,ddii,Approved
DB11760,Talazoparib,drug,DrugBank,40050.0,Psoriatic arthritis,disease,Orphanet,ddii,Phase 3
DB00740,Riluzole,drug,DrugBank,803.0,Amyotrophic lateral sclerosis,disease,Orphanet,ddii,Approved
DB06792,Lanthanum carbonate,drug,DrugBank,436.0,Hypophosphatasia,disease,Orphanet,ddii,Approved
DB01238,Aripiprazole,drug,DrugBank,3140.0,Schizophrenia,disease,Orphanet,ddii,Approved
DB00714,Apomorphine,drug,DrugBank,319705.0,Parkinson disease,disease,Orphanet,ddii,Approved
DB00600,Monobenzone,drug,DrugBank,3435.0,Vitiligo,disease,Orphanet,ddii,Approved
DB01224,Quetiapine,drug,DrugBank,3140.0,Schizophrenia,disease,Orphanet,ddii,Approved
DB05467,Palovarotene,drug,DrugBank,337.0,Fibrodysplasia ossificans progressiva,disease,Orphanet,ddii,Approved
DB00245,Benzatropine,drug,DrugBank,319705.0,Parkinson disease,disease,Orphanet,ddii,Approved
DB04900,Thymalfasin,drug,DrugBank,411533.0,Melanoma,disease,Orphanet,ddii,Phase 2
DB00469,Tenoxicam,drug,DrugBank,284130.0,Rheumatoid arthritis,disease,Orphanet,ddii,Approved
DB01064,Isoprenaline,drug,DrugBank,411533.0,Melanoma,disease,Orphanet,ddii,Phase 1
DB01624,Zuclopenthixol,drug,DrugBank,3140.0,Schizophrenia,disease,Orphanet,ddii,Approved
DB08875,Cabozantinib,drug,DrugBank,213500.0,Ovarian cancer,disease,Orphanet,ddii,Phase 2
DB01234,Dexamethasone,drug,DrugBank,284130.0,Rheumatoid arthritis,disease,Orphanet,ddii,Approved
DB00494,Entacapone,drug,DrugBank,319705.0,Parkinson disease,disease,Orphanet,ddii,Approved
DB00636,Clofibrate,drug,DrugBank,412.0,Dysbetalipoproteinemia,disease,Orphanet,ddii,Approved
DB05316,Pimavanserin,drug,DrugBank,319705.0,Parkinson disease,disease,Orphanet,ddii,Approved
DB09074,Olaparib,drug,DrugBank,213500.0,Ovarian cancer,disease,Orphanet,ddii,Approved
DB12513,Omaveloxolone,drug,DrugBank,411533.0,Melanoma,disease,Orphanet,ddii,Phase 1/2
DB11699,Tropisetron,drug,DrugBank,41842.0,Fibromyalgia,disease,Orphanet,ddii,Approved
DB01590,Everolimus,drug,DrugBank,217071.0,Renal cell carcinoma,disease,Orphanet,ddii,Approved
DB11898,"2,4-thiazolidinedione",drug,DrugBank,238616.0,Alzheimer disease,disease,Orphanet,ddii,Approved
DB00741,Hydrocortisone,drug,DrugBank,418.0,Congenital adrenal hyperplasia,disease,Orphanet,ddii,Phase 2
DB06176,Romidepsin,drug,DrugBank,217071.0,Renal cell carcinoma,disease,Orphanet,ddii,Phase 3
DB12667,Protionamide,drug,DrugBank,3389.0,Tuberculosis,disease,Orphanet,ddii,Approved
DB14766,Etrasimod,drug,DrugBank,771.0,Ulcerative colitis,disease,Orphanet,ddii,Approved
DB14766,Etrasimod,drug,DrugBank,48104.0,Pyoderma gangrenosum,disease,Orphanet,ddii,Phase 2
DB06791,Lanreotide,drug,DrugBank,963.0,Acromegaly,disease,Orphanet,ddii,Approved
DB14754,Solriamfetol,drug,DrugBank,619284.0,Narcolepsy,disease,Orphanet,ddii,Phase 3
DB05990,Obeticholic acid,drug,DrugBank,186.0,Primary biliary cholangitis,disease,Orphanet,ddii,Approved
DB00357,Aminoglutethimide,drug,DrugBank,96253.0,Cushing disease,disease,Orphanet,ddii,Approved
DB04946,Iloperidone,drug,DrugBank,3140.0,Schizophrenia,disease,Orphanet,ddii,Approved
DB06697,Artemether,drug,DrugBank,673.0,Malaria,disease,Orphanet,ddii,Approved
DB00991,Oxaprozin,drug,DrugBank,284130.0,Rheumatoid arthritis,disease,Orphanet,ddii,Approved
DB15011,Avacopan,drug,DrugBank,183.0,Eosinophilic granulomatosis with polyangiitis,disease,Orphanet,ddii,Phase 2
DB05018,Migalastat,drug,DrugBank,324.0,Fabry disease,disease,Orphanet,ddii,Approved
DB11362,Selexipag,drug,DrugBank,182090.0,Pulmonary arterial hypertension,disease,Orphanet,ddii,Approved
DB11638,Artenimol,drug,DrugBank,673.0,Malaria,disease,Orphanet,ddii,Approved
DB00340,Metixene,drug,DrugBank,319705.0,Parkinson disease,disease,Orphanet,ddii,Approved
DB00843,Donepezil,drug,DrugBank,238616.0,Alzheimer disease,disease,Orphanet,ddii,Approved
DB15463,Belzutifan,drug,DrugBank,217071.0,Renal cell carcinoma,disease,Orphanet,ddii,Phase 3
DB12147,Erdafitinib,drug,DrugBank,157980.0,Bladder cancer,disease,Orphanet,ddii,Approved
DB12147,Erdafitinib,drug,DrugBank,223735.0,Lymphoma,disease,Orphanet,ddii,Phase 1/2
DB11986,Entrectinib,drug,DrugBank,466667.0,Colorectal cancer,disease,Orphanet,ddii,Phase 2
DB11986,Entrectinib,drug,DrugBank,635.0,Neuroblastoma,disease,Orphanet,ddii,Phase 1
DB09061,Cannabidiol,drug,DrugBank,33069.0,Dravet syndrome,disease,Orphanet,ddii,Approved
DB00537,Ciprofloxacin,drug,DrugBank,586.0,Cystic fibrosis,disease,Orphanet,ddii,Phase 2
DB00545,Pyridostigmine,drug,DrugBank,589.0,Myasthenia gravis,disease,Orphanet,ddii,Approved
DB00725,Homatropine methylbromide,drug,DrugBank,98715.0,Uveitis,disease,Orphanet,ddii,Approved
DB15102,Pemigatinib,drug,DrugBank,70567.0,Cholangiocarcinoma,disease,Orphanet,ddii,Approved
DB15102,Pemigatinib,drug,DrugBank,157980.0,Bladder cancer,disease,Orphanet,ddii,Phase 2
DB06788,Histrelin,drug,DrugBank,759.0,Central precocious puberty,disease,Orphanet,ddii,Approved
DB09330,Osimertinib,drug,DrugBank,411533.0,Melanoma,disease,Orphanet,ddii,Phase 3
DB14989,Umbralisib,drug,DrugBank,545.0,Follicular lymphoma,disease,Orphanet,ddii,Approved
DB14989,Umbralisib,drug,DrugBank,300912.0,Marginal zone lymphoma,disease,Orphanet,ddii,Approved
DB14989,Umbralisib,drug,DrugBank,544.0,Diffuse large B-cell lymphoma,disease,Orphanet,ddii,Phase 2/3
DB01611,Hydroxychloroquine,drug,DrugBank,673.0,Malaria,disease,Orphanet,ddii,Approved
DB00609,Ethionamide,drug,DrugBank,3389.0,Tuberculosis,disease,Orphanet,ddii,Approved
DB13941,Piperaquine,drug,DrugBank,673.0,Malaria,disease,Orphanet,ddii,Approved
DB00105,Interferon alfa-2b,drug,DrugBank,411533.0,Melanoma,disease,Orphanet,ddii,Approved
DB01096,Oxamniquine,drug,DrugBank,1247.0,Schistosomiasis,disease,Orphanet,ddii,Approved
DB00190,Carbidopa,drug,DrugBank,319705.0,Parkinson disease,disease,Orphanet,ddii,Approved
DB01131,Proguanil,drug,DrugBank,673.0,Malaria,disease,Orphanet,ddii,Approved
DB01145,Sulfoxone,drug,DrugBank,1656.0,Dermatitis herpetiformis,disease,Orphanet,ddii,Approved
DB13256,Clothiapine,drug,DrugBank,3140.0,Schizophrenia,disease,Orphanet,ddii,Approved
DB00392,Profenamine,drug,DrugBank,319705.0,Parkinson disease,disease,Orphanet,ddii,Approved
DB13156,Inosine pranobex,drug,DrugBank,284130.0,Rheumatoid arthritis,disease,Orphanet,ddii,Approved
DB00905,Bimatoprost,drug,DrugBank,79364.0,Alopecia,disease,Orphanet,ddii,Approved
DB00480,Lenalidomide,drug,DrugBank,29073.0,Multiple myeloma,disease,Orphanet,ddii,Approved
DB03756,Doconexent,drug,DrugBank,238616.0,Alzheimer disease,disease,Orphanet,ddii,Phase 3
DB01011,Metyrapone,drug,DrugBank,96253.0,Cushing disease,disease,Orphanet,ddii,Approved
DB06784,Gallium citrate Ga-67,drug,DrugBank,98293.0,Hodgkin lymphoma,disease,Orphanet,ddii,Approved
DB09078,Lenvatinib,drug,DrugBank,88673.0,Hepatocellular carcinoma,disease,Orphanet,ddii,Phase 3
DB09078,Lenvatinib,drug,DrugBank,217071.0,Renal cell carcinoma,disease,Orphanet,ddii,Phase 3
DB09078,Lenvatinib,drug,DrugBank,411533.0,Melanoma,disease,Orphanet,ddii,Phase 2
DB09078,Lenvatinib,drug,DrugBank,213500.0,Ovarian cancer,disease,Orphanet,ddii,Phase 1
DB01626,Pargyline,drug,DrugBank,98473.0,Muscular dystrophy,disease,Orphanet,ddii,Patented
DB00246,Ziprasidone,drug,DrugBank,3140.0,Schizophrenia,disease,Orphanet,ddii,Approved
DB00328,Indomethacin,drug,DrugBank,284130.0,Rheumatoid arthritis,disease,Orphanet,ddii,Approved
DB00387,Procyclidine,drug,DrugBank,319705.0,Parkinson disease,disease,Orphanet,ddii,Approved
DB14713,Inotersen,drug,DrugBank,444116.0,Hereditary amyloidosis,disease,Orphanet,ddii,Approved
DB01285,Corticotropin,drug,DrugBank,96253.0,Cushing disease,disease,Orphanet,ddii,Approved
DB00831,Trifluoperazine,drug,DrugBank,3140.0,Schizophrenia,disease,Orphanet,ddii,Approved
DB00631,Clofarabine,drug,DrugBank,52688.0,Myelodysplastic syndrome,disease,Orphanet,ddii,Approved
DB15133,Tepotinib,drug,DrugBank,88673.0,Hepatocellular carcinoma,disease,Orphanet,ddii,Phase 2
DB00268,Ropinirole,drug,DrugBank,319705.0,Parkinson disease,disease,Orphanet,ddii,Approved
DB00674,Galantamine,drug,DrugBank,238616.0,Alzheimer disease,disease,Orphanet,ddii,Approved
DB00618,Demeclocycline,drug,DrugBank,91546.0,Lyme disease,disease,Orphanet,ddii,Approved
DB12095,Telotristat ethyl,drug,DrugBank,100093.0,Carcinoid syndrome,disease,Orphanet,ddii,Approved
DB11952,Duvelisib,drug,DrugBank,545.0,Follicular lymphoma,disease,Orphanet,ddii,Approved
DB13132,Artemisinin,drug,DrugBank,673.0,Malaria,disease,Orphanet,ddii,Approved
DB15490,Zuranolone,drug,DrugBank,319705.0,Parkinson disease,disease,Orphanet,ddii,Phase 2
DB12483,Copanlisib,drug,DrugBank,545.0,Follicular lymphoma,disease,Orphanet,ddii,Approved
DB01010,Edrophonium,drug,DrugBank,589.0,Myasthenia gravis,disease,Orphanet,ddii,Approved
DB00845,Clofazimine,drug,DrugBank,206.0,Crohn disease,disease,Orphanet,ddii,Approved
DB00188,Bortezomib,drug,DrugBank,29073.0,Multiple myeloma,disease,Orphanet,ddii,Approved
DB00188,Bortezomib,drug,DrugBank,52416.0,Mantle cell lymphoma,disease,Orphanet,ddii,Approved
DB16602,Dihydroergotoxine,drug,DrugBank,238616.0,Alzheimer disease,disease,Orphanet,ddii,Approved
DB00563,Methotrexate,drug,DrugBank,284130.0,Rheumatoid arthritis,disease,Orphanet,ddii,Phase 1
DB01087,Primaquine,drug,DrugBank,673.0,Malaria,disease,Orphanet,ddii,Approved
DB01576,Dextroamphetamine,drug,DrugBank,619284.0,Narcolepsy,disease,Orphanet,ddii,Approved
DB14939,Motixafortide,drug,DrugBank,29073.0,Multiple myeloma,disease,Orphanet,ddii,Approved
DB14939,Motixafortide,drug,DrugBank,52688.0,Myelodysplastic syndrome,disease,Orphanet,ddii,Phase 2
DB00988,Dopamine,drug,DrugBank,319705.0,Parkinson disease,disease,Orphanet,ddii,Approved
DB12839,Pegvaliase,drug,DrugBank,716.0,Phenylketonuria,disease,Orphanet,ddii,Approved
DB11718,Encorafenib,drug,DrugBank,411533.0,Melanoma,disease,Orphanet,ddii,Approved
DB00322,Floxuridine,drug,DrugBank,466667.0,Colorectal cancer,disease,Orphanet,ddii,Approved
DB06663,Pasireotide,drug,DrugBank,96253.0,Cushing disease,disease,Orphanet,ddii,Approved
DB06654,Safinamide,drug,DrugBank,319705.0,Parkinson disease,disease,Orphanet,ddii,Approved
DB13313,Melevodopa,drug,DrugBank,319705.0,Parkinson disease,disease,Orphanet,ddii,Approved
DB00679,Thioridazine,drug,DrugBank,3140.0,Schizophrenia,disease,Orphanet,ddii,Approved
DB08883,Perampanel,drug,DrugBank,319705.0,Parkinson disease,disease,Orphanet,ddii,Discontinued in Phase 3
DB00559,Bosentan,drug,DrugBank,182090.0,Pulmonary arterial hypertension,disease,Orphanet,ddii,Approved
DB04842,Fluspirilene,drug,DrugBank,3140.0,Schizophrenia,disease,Orphanet,ddii,Approved
DB00515,Cisplatin,drug,DrugBank,668.0,Osteosarcoma,disease,Orphanet,ddii,Phase 2
DB00408,Loxapine,drug,DrugBank,3140.0,Schizophrenia,disease,Orphanet,ddii,Approved
DB16703,Belumosudil,drug,DrugBank,284130.0,Rheumatoid arthritis,disease,Orphanet,ddii,Phase 2
DB16703,Belumosudil,drug,DrugBank,536.0,Systemic lupus erythematosus,disease,Orphanet,ddii,Phase 1
DB16703,Belumosudil,drug,DrugBank,801.0,Scleroderma,disease,Orphanet,ddii,Phase 1
DB16703,Belumosudil,drug,DrugBank,40050.0,Psoriatic arthritis,disease,Orphanet,ddii,Phase 1
DB01041,Thalidomide,drug,DrugBank,29073.0,Multiple myeloma,disease,Orphanet,ddii,Approved
DB15233,Avapritinib,drug,DrugBank,2467.0,Systemic mastocytosis,disease,Orphanet,ddii,Phase 1
DB06479,Propentofylline,drug,DrugBank,238616.0,Alzheimer disease,disease,Orphanet,ddii,Approved
DB04931,Afamelanotide,drug,DrugBank,3435.0,Vitiligo,disease,Orphanet,ddii,Phase 2
DB00334,Olanzapine,drug,DrugBank,3140.0,Schizophrenia,disease,Orphanet,ddii,Approved
DB09345,Pramocaine,drug,DrugBank,228113.0,Anal fistula,disease,Orphanet,ddii,Approved
DB12674,Lurbinectedin,drug,DrugBank,213500.0,Ovarian cancer,disease,Orphanet,ddii,Phase 3
DB00657,Mecamylamine,drug,DrugBank,243761.0,Essential hypertension,disease,Orphanet,ddii,Approved
DB12010,Fostamatinib,drug,DrugBank,284130.0,Rheumatoid arthritis,disease,Orphanet,ddii,Phase 3
DB11620,Neridronic Acid,drug,DrugBank,83452.0,Complex regional pain syndrome,disease,Orphanet,ddii,Phase 3
DB06448,Lonafarnib,drug,DrugBank,740.0,Hutchinson-Gilford progeria syndrome,disease,Orphanet,ddii,Approved
DB06448,Lonafarnib,drug,DrugBank,52688.0,Myelodysplastic syndrome,disease,Orphanet,ddii,Phase 3
DB00398,Sorafenib,drug,DrugBank,217071.0,Renal cell carcinoma,disease,Orphanet,ddii,Approved
DB00398,Sorafenib,drug,DrugBank,88673.0,Hepatocellular carcinoma,disease,Orphanet,ddii,Phase 3
DB00398,Sorafenib,drug,DrugBank,52688.0,Myelodysplastic syndrome,disease,Orphanet,ddii,Phase 2
DB01134,Desoxycorticosterone pivalate,drug,DrugBank,85138.0,Addison disease,disease,Orphanet,ddii,Approved
DB11800,Tivozanib,drug,DrugBank,217071.0,Renal cell carcinoma,disease,Orphanet,ddii,Approved
DB08820,Ivacaftor,drug,DrugBank,586.0,Cystic fibrosis,disease,Orphanet,ddii,Approved
DB15636,Zilucoplan,drug,DrugBank,589.0,Myasthenia gravis,disease,Orphanet,ddii,Phase 3
DB00989,Rivastigmine,drug,DrugBank,238616.0,Alzheimer disease,disease,Orphanet,ddii,Approved
DB01262,Decitabine,drug,DrugBank,52688.0,Myelodysplastic syndrome,disease,Orphanet,ddii,Approved
DB06403,Ambrisentan,drug,DrugBank,182090.0,Pulmonary arterial hypertension,disease,Orphanet,ddii,Approved
DB00958,Carboplatin,drug,DrugBank,213500.0,Ovarian cancer,disease,Orphanet,ddii,Approved
DB06243,Eflornithine,drug,DrugBank,3385.0,African trypanosomiasis,disease,Orphanet,ddii,Approved
DB00589,Lisuride,drug,DrugBank,319705.0,Parkinson disease,disease,Orphanet,ddii,Approved
DB12867,Benperidol,drug,DrugBank,3140.0,Schizophrenia,disease,Orphanet,ddii,Approved
DB01399,Salsalate,drug,DrugBank,284130.0,Rheumatoid arthritis,disease,Orphanet,ddii,Approved
DB12314,Chlorproguanil,drug,DrugBank,673.0,Malaria,disease,Orphanet,ddii,Approved
DB09570,Ixazomib,drug,DrugBank,29073.0,Multiple myeloma,disease,Orphanet,ddii,Approved
DB00526,Oxaliplatin,drug,DrugBank,466667.0,Colorectal cancer,disease,Orphanet,ddii,Approved
DB00479,Amikacin,drug,DrugBank,3389.0,Tuberculosis,disease,Orphanet,ddii,Investigative
DB00371,Meprobamate,drug,DrugBank,673.0,Malaria,disease,Orphanet,ddii,Approved
DB12016,Ponesimod,drug,DrugBank,802.0,Multiple sclerosis,disease,Orphanet,ddii,Approved
DB13851,Artemotil,drug,DrugBank,673.0,Malaria,disease,Orphanet,ddii,Approved
DB11817,Baricitinib,drug,DrugBank,284130.0,Rheumatoid arthritis,disease,Orphanet,ddii,Approved
DB00323,Tolcapone,drug,DrugBank,319705.0,Parkinson disease,disease,Orphanet,ddii,Approved
DB00851,Dacarbazine,drug,DrugBank,411533.0,Melanoma,disease,Orphanet,ddii,Approved
DB08881,Vemurafenib,drug,DrugBank,411533.0,Melanoma,disease,Orphanet,ddii,Approved
DB06285,Teriparatide,drug,DrugBank,666.0,Osteogenesis imperfecta,disease,Orphanet,ddii,Approved
DB16554,Metadoxine,drug,DrugBank,29073.0,Multiple myeloma,disease,Orphanet,ddii,Approved
DB11700,Setmelanotide,drug,DrugBank,739.0,Prader-Willi syndrome,disease,Orphanet,ddii,Phase 2
DB04573,Estriol,drug,DrugBank,802.0,Multiple sclerosis,disease,Orphanet,ddii,Phase 2
DB00363,Clozapine,drug,DrugBank,3140.0,Schizophrenia,disease,Orphanet,ddii,Approved
DB04745,2-Hydroxyquinoline,drug,DrugBank,3389.0,Tuberculosis,disease,Orphanet,ddii,Approved
DB00834,Mifepristone,drug,DrugBank,96253.0,Cushing disease,disease,Orphanet,ddii,Approved
DB14487,Zinc acetate,drug,DrugBank,905.0,Wilson disease,disease,Orphanet,ddii,Approved
DB00605,Sulindac,drug,DrugBank,284130.0,Rheumatoid arthritis,disease,Orphanet,ddii,Approved
DB00648,Mitotane,drug,DrugBank,1501.0,Adrenocortical carcinoma,disease,Orphanet,ddii,Approved
DB01621,Pipotiazine,drug,DrugBank,3140.0,Schizophrenia,disease,Orphanet,ddii,Approved
DB00203,Sildenafil,drug,DrugBank,91378.0,Hereditary angioedema,disease,Orphanet,ddii,Approved
DB16261,Odevixibat,drug,DrugBank,52.0,Alagille syndrome,disease,Orphanet,ddii,Phase 3
DB15982,Berotralstat,drug,DrugBank,91378.0,Hereditary angioedema,disease,Orphanet,ddii,Approved
DB16226,Maralixibat,drug,DrugBank,172.0,Progressive familial intrahepatic cholestasis,disease,Orphanet,ddii,Phase 3
DB16226,Maralixibat,drug,DrugBank,52.0,Alagille syndrome,disease,Orphanet,ddii,Phase 2
DB06334,Tucidinostat,drug,DrugBank,411533.0,Melanoma,disease,Orphanet,ddii,Phase 1/2
DB06334,Tucidinostat,drug,DrugBank,217071.0,Renal cell carcinoma,disease,Orphanet,ddii,Phase 1/2
DB11825,Mirogabalin,drug,DrugBank,41842.0,Fibromyalgia,disease,Orphanet,ddii,Phase 3
DB09283,Trapidil,drug,DrugBank,29073.0,Multiple myeloma,disease,Orphanet,ddii,Investigative
DB02789,Pregnenolone,drug,DrugBank,3140.0,Schizophrenia,disease,Orphanet,ddii,Phase 4
DB11915,Valbenazine,drug,DrugBank,856.0,Tourette syndrome,disease,Orphanet,ddii,Phase 2
DB05271,Rotigotine,drug,DrugBank,319705.0,Parkinson disease,disease,Orphanet,ddii,Phase 3
DB11810,Etarfolatide,drug,DrugBank,213500.0,Ovarian cancer,disease,Orphanet,ddii,Phase 3
DB11793,Niraparib,drug,DrugBank,213500.0,Ovarian cancer,disease,Orphanet,ddii,Phase 3
DB11942,Selinexor,drug,DrugBank,29073.0,Multiple myeloma,disease,Orphanet,ddii,Phase 3
DB11942,Selinexor,drug,DrugBank,69078.0,Liposarcoma,disease,Orphanet,ddii,Phase 3
DB11942,Selinexor,drug,DrugBank,544.0,Diffuse large B-cell lymphoma,disease,Orphanet,ddii,Phase 2
DB11999,Vosaroxin,drug,DrugBank,213500.0,Ovarian cancer,disease,Orphanet,ddii,Phase 2
DB12155,Napabucasin,drug,DrugBank,466667.0,Colorectal cancer,disease,Orphanet,ddii,Phase 3
DB12155,Napabucasin,drug,DrugBank,88673.0,Hepatocellular carcinoma,disease,Orphanet,ddii,Phase 1/2
DB17129,Pelabresib anhydrous,drug,DrugBank,98274.0,Myeloproliferative neoplasm,disease,Orphanet,ddii,Phase 1/2
DB12463,Semagacestat,drug,DrugBank,319705.0,Parkinson disease,disease,Orphanet,ddii,Phase 3
DB00155,Citrulline,drug,DrugBank,178320.0,Acute lung injury,disease,Orphanet,ddii,Phase 3
DB05806,Cositecan,drug,DrugBank,213500.0,Ovarian cancer,disease,Orphanet,ddii,Phase 3
DB04942,Tamibarotene,drug,DrugBank,238616.0,Alzheimer disease,disease,Orphanet,ddii,Phase 2/3
DB06393,Xaliproden,drug,DrugBank,92.0,Juvenile idiopathic arthritis,disease,Orphanet,ddii,Phase 3
DB06393,Xaliproden,drug,DrugBank,238616.0,Alzheimer disease,disease,Orphanet,ddii,Discontinued in Phase 3
DB13481,Tenidap,drug,DrugBank,284130.0,Rheumatoid arthritis,disease,Orphanet,ddii,Phase 3
DB12716,NB-001,drug,DrugBank,802.0,Multiple sclerosis,disease,Orphanet,ddii,Phase 3
DB12188,Zicronapine,drug,DrugBank,3140.0,Schizophrenia,disease,Orphanet,ddii,Phase 3
DB01677,Fumaric acid,drug,DrugBank,802.0,Multiple sclerosis,disease,Orphanet,ddii,Phase 3
DB16305,Xevinapant,drug,DrugBank,223735.0,Lymphoma,disease,Orphanet,ddii,Phase 1/2
DB12203,Tozadenant,drug,DrugBank,319705.0,Parkinson disease,disease,Orphanet,ddii,Phase 3
DB14829,Uproleselan,drug,DrugBank,29073.0,Multiple myeloma,disease,Orphanet,ddii,Phase 1
DB14976,Relacorilant,drug,DrugBank,96253.0,Cushing disease,disease,Orphanet,ddii,Phase 3
DB11865,Brivanib alaninate,drug,DrugBank,88673.0,Hepatocellular carcinoma,disease,Orphanet,ddii,Phase 3
DB08937,TAS-102,drug,DrugBank,466667.0,Colorectal cancer,disease,Orphanet,ddii,Phase 3
DB15665,SEP-363856,drug,DrugBank,3140.0,Schizophrenia,disease,Orphanet,ddii,Phase 3
DB15665,SEP-363856,drug,DrugBank,319705.0,Parkinson disease,disease,Orphanet,ddii,Phase 2
DB06151,Acetylcysteine,drug,DrugBank,586.0,Cystic fibrosis,disease,Orphanet,ddii,Approved
DB13811,Oblimersen,drug,DrugBank,29073.0,Multiple myeloma,disease,Orphanet,ddii,Phase 3
DB13811,Oblimersen,drug,DrugBank,411533.0,Melanoma,disease,Orphanet,ddii,Phase 3
DB16291,Peretinoin,drug,DrugBank,88673.0,Hepatocellular carcinoma,disease,Orphanet,ddii,Phase 3
DB11708,Peficitinib,drug,DrugBank,284130.0,Rheumatoid arthritis,disease,Orphanet,ddii,Phase 2
DB12883,Eltoprazine,drug,DrugBank,319705.0,Parkinson disease,disease,Orphanet,ddii,Phase 2
DB12883,Eltoprazine,drug,DrugBank,238616.0,Alzheimer disease,disease,Orphanet,ddii,Phase 2
DB06712,Nilvadipine,drug,DrugBank,238616.0,Alzheimer disease,disease,Orphanet,ddii,Phase 3
DB04892,Phenserine,drug,DrugBank,238616.0,Alzheimer disease,disease,Orphanet,ddii,Phase 3
DB12209,Tirasemtiv,drug,DrugBank,803.0,Amyotrophic lateral sclerosis,disease,Orphanet,ddii,Phase 3
DB05737,Varespladib methyl,drug,DrugBank,284130.0,Rheumatoid arthritis,disease,Orphanet,ddii,Phase 3
DB04960,Tipifarnib,drug,DrugBank,52688.0,Myelodysplastic syndrome,disease,Orphanet,ddii,Phase 2
DB04960,Tipifarnib,drug,DrugBank,466667.0,Colorectal cancer,disease,Orphanet,ddii,Phase 1/2
DB12109,Devimistat,drug,DrugBank,52688.0,Myelodysplastic syndrome,disease,Orphanet,ddii,Phase 2
DB14889,Derazantinib,drug,DrugBank,70567.0,Cholangiocarcinoma,disease,Orphanet,ddii,Phase 2
DB04977,Plitidepsin,drug,DrugBank,29073.0,Multiple myeloma,disease,Orphanet,ddii,Phase 3
DB00608,Chloroquine,drug,DrugBank,673.0,Malaria,disease,Orphanet,ddii,Withdrawn from market
DB11981,Elamipretide,drug,DrugBank,206966.0,Mitochondrial myopathy,disease,Orphanet,ddii,Phase 3
DB06477,Sumanirole,drug,DrugBank,319705.0,Parkinson disease,disease,Orphanet,ddii,Phase 3
DB03566,Spermidine,drug,DrugBank,284130.0,Rheumatoid arthritis,disease,Orphanet,ddii,Phase 3
DB12193,Lenabasum,drug,DrugBank,536.0,Systemic lupus erythematosus,disease,Orphanet,ddii,Phase 2
DB12193,Lenabasum,drug,DrugBank,90291.0,Systemic sclerosis,disease,Orphanet,ddii,Phase 2
DB12193,Lenabasum,drug,DrugBank,586.0,Cystic fibrosis,disease,Orphanet,ddii,Phase 2
DB12193,Lenabasum,drug,DrugBank,284130.0,Rheumatoid arthritis,disease,Orphanet,ddii,Phase 2
DB09223,Blonanserin,drug,DrugBank,3140.0,Schizophrenia,disease,Orphanet,ddii,Phase 3
DB17984,BQ-788,drug,DrugBank,589.0,Myasthenia gravis,disease,Orphanet,ddii,Phase 3
DB05076,Fenretinide,drug,DrugBank,223735.0,Lymphoma,disease,Orphanet,ddii,Phase 2
DB15391,Elenbecestat,drug,DrugBank,238616.0,Alzheimer disease,disease,Orphanet,ddii,Phase 3
DB06532,Pafuramidine,drug,DrugBank,673.0,Malaria,disease,Orphanet,ddii,Phase 3
DB06527,Tramiprosate,drug,DrugBank,238616.0,Alzheimer disease,disease,Orphanet,ddii,Phase 3
DB11957,Idalopirdine,drug,DrugBank,3140.0,Schizophrenia,disease,Orphanet,ddii,Phase 3
DB05016,Ataluren,drug,DrugBank,586.0,Cystic fibrosis,disease,Orphanet,ddii,Phase 3
DB05016,Ataluren,drug,DrugBank,33069.0,Dravet syndrome,disease,Orphanet,ddii,Phase 2
DB05016,Ataluren,drug,DrugBank,98473.0,Muscular dystrophy,disease,Orphanet,ddii,Phase 2
DB05016,Ataluren,drug,DrugBank,79213.0,Mucopolysaccharidosis,disease,Orphanet,ddii,Phase 1
DB00574,Fenfluramine,drug,DrugBank,33069.0,Dravet syndrome,disease,Orphanet,ddii,Phase 3
DB04858,Tirapazamine,drug,DrugBank,238616.0,Alzheimer disease,disease,Orphanet,ddii,Phase 3
DB04858,Tirapazamine,drug,DrugBank,88673.0,Hepatocellular carcinoma,disease,Orphanet,ddii,Phase 2
DB11890,Cilengitide,drug,DrugBank,284130.0,Rheumatoid arthritis,disease,Orphanet,ddii,Phase 3
DB14785,Fenebrutinib,drug,DrugBank,802.0,Multiple sclerosis,disease,Orphanet,ddii,Phase 3
DB17034,Dacinostat,drug,DrugBank,29073.0,Multiple myeloma,disease,Orphanet,ddii,Investigative
DB12441,Tavilermide,drug,DrugBank,238616.0,Alzheimer disease,disease,Orphanet,ddii,Phase 3
DB06013,Aldoxorubicin,drug,DrugBank,3394.0,Soft tissue sarcoma,disease,Orphanet,ddii,Phase 3
DB18464,Esuberaprost,drug,DrugBank,182090.0,Pulmonary arterial hypertension,disease,Orphanet,ddii,Phase 3
DB13110,Antimony,drug,DrugBank,206.0,Crohn disease,disease,Orphanet,ddii,Application submitted
DB13110,Antimony,drug,DrugBank,771.0,Ulcerative colitis,disease,Orphanet,ddii,Application submitted
DB13110,Antimony,drug,DrugBank,40050.0,Psoriatic arthritis,disease,Orphanet,ddii,Application submitted
DB13110,Antimony,drug,DrugBank,825.0,Ankylosing spondylitis,disease,Orphanet,ddii,Application submitted
DB11726,Encenicline,drug,DrugBank,3140.0,Schizophrenia,disease,Orphanet,ddii,Phase 3
DB11726,Encenicline,drug,DrugBank,238616.0,Alzheimer disease,disease,Orphanet,ddii,Phase 3
DB06365,Sapacitabine,drug,DrugBank,52688.0,Myelodysplastic syndrome,disease,Orphanet,ddii,Phase 2
DB06365,Sapacitabine,drug,DrugBank,213500.0,Ovarian cancer,disease,Orphanet,ddii,Phase 2
DB14986,Linrodostat,drug,DrugBank,411533.0,Melanoma,disease,Orphanet,ddii,Phase 3
DB14986,Linrodostat,drug,DrugBank,217071.0,Renal cell carcinoma,disease,Orphanet,ddii,Phase 2
DB05667,Levoketoconazole,drug,DrugBank,96253.0,Cushing disease,disease,Orphanet,ddii,Phase 3
DB12866,Pradigastat,drug,DrugBank,444490.0,Familial chylomicronemia syndrome,disease,Orphanet,ddii,Phase 3
DB11947,Pridopidine,drug,DrugBank,399.0,Huntington disease,disease,Orphanet,ddii,Phase 3
DB12019,Tesetaxel,drug,DrugBank,411533.0,Melanoma,disease,Orphanet,ddii,Phase 2
DB12019,Tesetaxel,drug,DrugBank,157980.0,Bladder cancer,disease,Orphanet,ddii,Phase 2
DB05239,Cobimetinib,drug,DrugBank,411533.0,Melanoma,disease,Orphanet,ddii,Phase 3
DB05239,Cobimetinib,drug,DrugBank,217071.0,Renal cell carcinoma,disease,Orphanet,ddii,Phase 1
DB12593,Apaziquone,drug,DrugBank,157980.0,Bladder cancer,disease,Orphanet,ddii,Phase 3
DB06182,Talabostat,drug,DrugBank,101987.0,Constitutional neutropenia,disease,Orphanet,ddii,Phase 3
DB12863,Sivelestat,drug,DrugBank,802.0,Multiple sclerosis,disease,Orphanet,ddii,Phase 3
DB12863,Sivelestat,drug,DrugBank,206.0,Crohn disease,disease,Orphanet,ddii,Phase 3
DB12863,Sivelestat,drug,DrugBank,771.0,Ulcerative colitis,disease,Orphanet,ddii,Phase 3
DB12863,Sivelestat,drug,DrugBank,48104.0,Pyoderma gangrenosum,disease,Orphanet,ddii,Phase 3
DB12863,Sivelestat,drug,DrugBank,284130.0,Rheumatoid arthritis,disease,Orphanet,ddii,Phase 3
DB12863,Sivelestat,drug,DrugBank,40050.0,Psoriatic arthritis,disease,Orphanet,ddii,Phase 3
DB12863,Sivelestat,drug,DrugBank,280886.0,Anterior uveitis,disease,Orphanet,ddii,Application submitted
DB11885,Anlotinib,drug,DrugBank,64720.0,Leiomyosarcoma,disease,Orphanet,ddii,Phase 3
DB11885,Anlotinib,drug,DrugBank,3273.0,Synovial sarcoma,disease,Orphanet,ddii,Phase 3
DB11885,Anlotinib,drug,DrugBank,213500.0,Ovarian cancer,disease,Orphanet,ddii,Phase 1/2
DB11717,Epacadostat,drug,DrugBank,411533.0,Melanoma,disease,Orphanet,ddii,Phase 2
DB11717,Epacadostat,drug,DrugBank,223735.0,Lymphoma,disease,Orphanet,ddii,Phase 1
DB11717,Epacadostat,drug,DrugBank,466667.0,Colorectal cancer,disease,Orphanet,ddii,Phase 1
DB11717,Epacadostat,drug,DrugBank,213500.0,Ovarian cancer,disease,Orphanet,ddii,Phase 1
DB12645,Givinostat,drug,DrugBank,729.0,Polycythemia vera,disease,Orphanet,ddii,Phase 2
DB12645,Givinostat,drug,DrugBank,3318.0,Essential thrombocythemia,disease,Orphanet,ddii,Phase 2
DB08892,Arbaclofen Placarbil,drug,DrugBank,908.0,Fragile X syndrome,disease,Orphanet,ddii,Phase 3
DB08891,Arbaclofen,drug,DrugBank,802.0,Multiple sclerosis,disease,Orphanet,ddii,Phase 3
DB05022,Amonafide,drug,DrugBank,213500.0,Ovarian cancer,disease,Orphanet,ddii,Phase 3
DB11743,Ipatasertib,drug,DrugBank,466667.0,Colorectal cancer,disease,Orphanet,ddii,Phase 3
DB06486,Enzastaurin,drug,DrugBank,544.0,Diffuse large B-cell lymphoma,disease,Orphanet,ddii,Phase 3
DB06685,Laquinimod,drug,DrugBank,802.0,Multiple sclerosis,disease,Orphanet,ddii,Phase 3
DB06685,Laquinimod,drug,DrugBank,399.0,Huntington disease,disease,Orphanet,ddii,Phase 2
DB05983,Bardoxolone methyl,drug,DrugBank,809.0,Mixed connective tissue disease,disease,Orphanet,ddii,Phase 3
DB05983,Bardoxolone methyl,drug,DrugBank,182090.0,Pulmonary arterial hypertension,disease,Orphanet,ddii,Phase 2
DB06610,Omiganan,drug,DrugBank,137583.0,Vulvar intraepithelial neoplasia,disease,Orphanet,ddii,Phase 2
DB15250,Vercirnon,drug,DrugBank,206.0,Crohn disease,disease,Orphanet,ddii,Phase 3
DB12146,Rigosertib,drug,DrugBank,52688.0,Myelodysplastic syndrome,disease,Orphanet,ddii,Phase 3
DB05223,Pracinostat,drug,DrugBank,52688.0,Myelodysplastic syndrome,disease,Orphanet,ddii,Phase 2
DB13080,Roluperidone,drug,DrugBank,3140.0,Schizophrenia,disease,Orphanet,ddii,Phase 3
DB06177,Glufosfamide,drug,DrugBank,213500.0,Ovarian cancer,disease,Orphanet,ddii,Discontinued in Phase 2
DB00959,Methylprednisolone,drug,DrugBank,284130.0,Rheumatoid arthritis,disease,Orphanet,ddii,Approved
DB12048,Savolitinib,drug,DrugBank,217071.0,Renal cell carcinoma,disease,Orphanet,ddii,Phase 3
DB15057,osgemcitabine palabenamide,drug,DrugBank,213500.0,Ovarian cancer,disease,Orphanet,ddii,Phase 2
DB15057,osgemcitabine palabenamide,drug,DrugBank,238616.0,Alzheimer disease,disease,Orphanet,ddii,Phase 1
DB11841,Entinostat,drug,DrugBank,466667.0,Colorectal cancer,disease,Orphanet,ddii,Phase 2
DB11841,Entinostat,drug,DrugBank,411533.0,Melanoma,disease,Orphanet,ddii,Phase 2
DB11841,Entinostat,drug,DrugBank,213500.0,Ovarian cancer,disease,Orphanet,ddii,Phase 2
DB06246,Exisulind,drug,DrugBank,466667.0,Colorectal cancer,disease,Orphanet,ddii,Phase 3
DB11526,Masitinib,drug,DrugBank,213500.0,Ovarian cancer,disease,Orphanet,ddii,Phase 3
DB11526,Masitinib,drug,DrugBank,802.0,Multiple sclerosis,disease,Orphanet,ddii,Phase 3
DB11526,Masitinib,drug,DrugBank,803.0,Amyotrophic lateral sclerosis,disease,Orphanet,ddii,Phase 3
DB12689,Azeliragon,drug,DrugBank,238616.0,Alzheimer disease,disease,Orphanet,ddii,Phase 3
DB11762,Marizomib,drug,DrugBank,29073.0,Multiple myeloma,disease,Orphanet,ddii,Phase 1
DB05501,Mavorixafor,drug,DrugBank,411533.0,Melanoma,disease,Orphanet,ddii,Phase 1/2
DB05501,Mavorixafor,drug,DrugBank,217071.0,Renal cell carcinoma,disease,Orphanet,ddii,Phase 1/2
DB12325,Idasanutlin,drug,DrugBank,729.0,Polycythemia vera,disease,Orphanet,ddii,Phase 2
DB06224,Alicaforsen,drug,DrugBank,206.0,Crohn disease,disease,Orphanet,ddii,Phase 2
DB06224,Alicaforsen,drug,DrugBank,771.0,Ulcerative colitis,disease,Orphanet,ddii,Phase 2
DB06193,Pixantrone,drug,DrugBank,545.0,Follicular lymphoma,disease,Orphanet,ddii,Phase 3
DB06193,Pixantrone,drug,DrugBank,544.0,Diffuse large B-cell lymphoma,disease,Orphanet,ddii,Phase 3
DB06193,Pixantrone,drug,DrugBank,802.0,Multiple sclerosis,disease,Orphanet,ddii,Phase 3
DB12285,Verubecestat,drug,DrugBank,238616.0,Alzheimer disease,disease,Orphanet,ddii,Phase 3
DB12680,Intepirdine,drug,DrugBank,238616.0,Alzheimer disease,disease,Orphanet,ddii,Phase 3
DB14872,Lucerastat,drug,DrugBank,324.0,Fabry disease,disease,Orphanet,ddii,Phase 3
DB15200,Bixalomer,drug,DrugBank,436.0,Hypophosphatasia,disease,Orphanet,ddii,Phase 3
DB11689,Selumetinib,drug,DrugBank,411533.0,Melanoma,disease,Orphanet,ddii,Phase 3
DB04874,Picoplatin,drug,DrugBank,466667.0,Colorectal cancer,disease,Orphanet,ddii,Phase 3
DB04874,Picoplatin,drug,DrugBank,213500.0,Ovarian cancer,disease,Orphanet,ddii,Phase 3
DB14783,Diroximel fumarate,drug,DrugBank,802.0,Multiple sclerosis,disease,Orphanet,ddii,Phase 3
DB02709,Resveratrol,drug,DrugBank,90291.0,Systemic sclerosis,disease,Orphanet,ddii,Phase 3
DB02709,Resveratrol,drug,DrugBank,397.0,Giant cell arteritis,disease,Orphanet,ddii,Phase 3
DB02709,Resveratrol,drug,DrugBank,284130.0,Rheumatoid arthritis,disease,Orphanet,ddii,Phase 3
DB02709,Resveratrol,drug,DrugBank,466667.0,Colorectal cancer,disease,Orphanet,ddii,Discontinued in Phase 2
DB12565,Abexinostat,drug,DrugBank,545.0,Follicular lymphoma,disease,Orphanet,ddii,Phase 3
DB12565,Abexinostat,drug,DrugBank,217071.0,Renal cell carcinoma,disease,Orphanet,ddii,Phase 3
DB12565,Abexinostat,drug,DrugBank,544.0,Diffuse large B-cell lymphoma,disease,Orphanet,ddii,Phase 2
DB11918,Guadecitabine,drug,DrugBank,52688.0,Myelodysplastic syndrome,disease,Orphanet,ddii,Phase 3
DB11884,Vadastuximab talirine,drug,DrugBank,52688.0,Myelodysplastic syndrome,disease,Orphanet,ddii,Phase 2
DB12490,Forigerimod,drug,DrugBank,536.0,Systemic lupus erythematosus,disease,Orphanet,ddii,Phase 3
DB12764,Opaganib,drug,DrugBank,88673.0,Hepatocellular carcinoma,disease,Orphanet,ddii,Phase 2
DB12764,Opaganib,drug,DrugBank,70567.0,Cholangiocarcinoma,disease,Orphanet,ddii,Phase 2
DB12764,Opaganib,drug,DrugBank,29073.0,Multiple myeloma,disease,Orphanet,ddii,Phase 1/2
DB12060,RRx-001,drug,DrugBank,223735.0,Lymphoma,disease,Orphanet,ddii,Phase 2
DB14814,Lanabecestat,drug,DrugBank,238616.0,Alzheimer disease,disease,Orphanet,ddii,Phase 3
DB12273,Ecopipam,drug,DrugBank,856.0,Tourette syndrome,disease,Orphanet,ddii,Phase 2
DB05511,Piclidenoson,drug,DrugBank,284130.0,Rheumatoid arthritis,disease,Orphanet,ddii,Phase 2
DB11712,Tezacaftor,drug,DrugBank,586.0,Cystic fibrosis,disease,Orphanet,ddii,Phase 3
DB11759,Pevonedistat,drug,DrugBank,52688.0,Myelodysplastic syndrome,disease,Orphanet,ddii,Phase 3
DB11759,Pevonedistat,drug,DrugBank,150.0,Nasopharyngeal carcinoma,disease,Orphanet,ddii,Investigative
DB12200,Tivantinib,drug,DrugBank,88673.0,Hepatocellular carcinoma,disease,Orphanet,ddii,Phase 3
DB16687,Reltecimod,drug,DrugBank,440368.0,Necrotizing soft tissue infection,disease,Orphanet,ddii,Phase 3
DB15168,Cilofexor,drug,DrugBank,171.0,Primary sclerosing cholangitis,disease,Orphanet,ddii,Phase 3
DB18232,Hexasodium phytate,drug,DrugBank,280062.0,Calciphylaxis,disease,Orphanet,ddii,Phase 3
DB12676,Modufolin,drug,DrugBank,466667.0,Colorectal cancer,disease,Orphanet,ddii,Phase 3
DB16683,Foslevodopa,drug,DrugBank,319705.0,Parkinson disease,disease,Orphanet,ddii,Phase 3
DB16272,Orelabrutinib,drug,DrugBank,544.0,Diffuse large B-cell lymphoma,disease,Orphanet,ddii,Phase 2
DB06247,CX516,drug,DrugBank,3140.0,Schizophrenia,disease,Orphanet,ddii,Phase 2/3
DB12390,Seladelpar,drug,DrugBank,186.0,Primary biliary cholangitis,disease,Orphanet,ddii,Phase 2
DB11644,Tafamidis,drug,DrugBank,411533.0,Melanoma,disease,Orphanet,ddii,Phase 2/3
DB12566,Decernotinib,drug,DrugBank,284130.0,Rheumatoid arthritis,disease,Orphanet,ddii,Phase 2/3
DB14909,Imetelstat,drug,DrugBank,52688.0,Myelodysplastic syndrome,disease,Orphanet,ddii,Phase 2/3
DB14909,Imetelstat,drug,DrugBank,29073.0,Multiple myeloma,disease,Orphanet,ddii,Phase 2
DB14909,Imetelstat,drug,DrugBank,3318.0,Essential thrombocythemia,disease,Orphanet,ddii,Phase 2
DB16097,Artemisone,drug,DrugBank,673.0,Malaria,disease,Orphanet,ddii,Phase 2/3
DB11911,Galunisertib,drug,DrugBank,88673.0,Hepatocellular carcinoma,disease,Orphanet,ddii,Phase 2
DB12827,Indoximod,drug,DrugBank,411533.0,Melanoma,disease,Orphanet,ddii,Phase 2/3
DB05025,Arimoclomol,drug,DrugBank,611.0,Inclusion body myositis,disease,Orphanet,ddii,Phase 2/3
DB12398,Naproxen etemesil,drug,DrugBank,825.0,Ankylosing spondylitis,disease,Orphanet,ddii,Phase 2/3
DB13004,Mavoglurant,drug,DrugBank,908.0,Fragile X syndrome,disease,Orphanet,ddii,Phase 2/3
DB12608,Emixustat,drug,DrugBank,279.0,Age-related macular degeneration,disease,Orphanet,ddii,Phase 2/3
DB12733,Dipraglurant,drug,DrugBank,319705.0,Parkinson disease,disease,Orphanet,ddii,Phase 2/3
DB06260,Aviptadil,drug,DrugBank,178320.0,Acute lung injury,disease,Orphanet,ddii,Investigative
DB15307,Atabecestat,drug,DrugBank,238616.0,Alzheimer disease,disease,Orphanet,ddii,Phase 2/3
DB12120,Avoralstat,drug,DrugBank,91378.0,Hereditary angioedema,disease,Orphanet,ddii,Phase 2/3
DB06454,Sarizotan,drug,DrugBank,778.0,Rett syndrome,disease,Orphanet,ddii,Phase 2/3
DB06454,Sarizotan,drug,DrugBank,319705.0,Parkinson disease,disease,Orphanet,ddii,Discontinued in Phase 2
DB15188,Livoletide,drug,DrugBank,739.0,Prader-Willi syndrome,disease,Orphanet,ddii,Phase 2/3
DB12088,TT-232,drug,DrugBank,217071.0,Renal cell carcinoma,disease,Orphanet,ddii,Phase 2a
DB05470,VX-702,drug,DrugBank,284130.0,Rheumatoid arthritis,disease,Orphanet,ddii,Phase 2a
DB06280,Senicapoc,drug,DrugBank,238616.0,Alzheimer disease,disease,Orphanet,ddii,Phase 2
DB06280,Senicapoc,drug,DrugBank,101987.0,Constitutional neutropenia,disease,Orphanet,ddii,Discontinued in Phase 2
DB12143,Rezatomidine,drug,DrugBank,41842.0,Fibromyalgia,disease,Orphanet,ddii,Phase 2
DB12288,Piromelatine,drug,DrugBank,238616.0,Alzheimer disease,disease,Orphanet,ddii,Phase 2
DB11830,Mocetinostat,drug,DrugBank,544.0,Diffuse large B-cell lymphoma,disease,Orphanet,ddii,Phase 1/2
DB11830,Mocetinostat,drug,DrugBank,411533.0,Melanoma,disease,Orphanet,ddii,Phase 1
DB05565,PBT-1033,drug,DrugBank,399.0,Huntington disease,disease,Orphanet,ddii,Phase 2
DB05565,PBT-1033,drug,DrugBank,238616.0,Alzheimer disease,disease,Orphanet,ddii,Phase 2
DB15446,Vidofludimus,drug,DrugBank,284130.0,Rheumatoid arthritis,disease,Orphanet,ddii,Phase 2
DB05491,ATN-161,drug,DrugBank,217071.0,Renal cell carcinoma,disease,Orphanet,ddii,Phase 2
DB11721,Mitoglitazone,drug,DrugBank,238616.0,Alzheimer disease,disease,Orphanet,ddii,Phase 2
DB12112,Zuretinol acetate,drug,DrugBank,65.0,Leber congenital amaurosis,disease,Orphanet,ddii,Phase 1
DB12112,Zuretinol acetate,drug,DrugBank,791.0,Retinitis pigmentosa,disease,Orphanet,ddii,Phase 1
DB11848,Mannose 6-phosphate,drug,DrugBank,797.0,Sarcoidosis,disease,Orphanet,ddii,Phase 2
DB12962,CP-547632,drug,DrugBank,213500.0,Ovarian cancer,disease,Orphanet,ddii,Phase 2
DB14894,Galicaftor,drug,DrugBank,586.0,Cystic fibrosis,disease,Orphanet,ddii,Phase 2
DB06229,Ocaperidone,drug,DrugBank,3140.0,Schizophrenia,disease,Orphanet,ddii,Phase 2
DB06229,Ocaperidone,drug,DrugBank,2032.0,Idiopathic pulmonary fibrosis,disease,Orphanet,ddii,Phase 2
DB12725,Felcisetrag,drug,DrugBank,238616.0,Alzheimer disease,disease,Orphanet,ddii,Phase 1/2
DB11674,Equol,drug,DrugBank,238616.0,Alzheimer disease,disease,Orphanet,ddii,Phase 1/2
DB13930,Ulixertinib,drug,DrugBank,411533.0,Melanoma,disease,Orphanet,ddii,Phase 2
DB11969,Uprosertib,drug,DrugBank,223735.0,Lymphoma,disease,Orphanet,ddii,Phase 2
DB11969,Uprosertib,drug,DrugBank,466667.0,Colorectal cancer,disease,Orphanet,ddii,Phase 2
DB16160,Tolinapant,drug,DrugBank,223735.0,Lymphoma,disease,Orphanet,ddii,Phase 2
DB15232,Telaglenastat,drug,DrugBank,217071.0,Renal cell carcinoma,disease,Orphanet,ddii,Phase 2
DB12198,Fosdagrocorat,drug,DrugBank,284130.0,Rheumatoid arthritis,disease,Orphanet,ddii,Phase 2
DB05010,SGS-742,drug,DrugBank,3140.0,Schizophrenia,disease,Orphanet,ddii,Phase 2
DB12392,Resminostat,drug,DrugBank,88673.0,Hepatocellular carcinoma,disease,Orphanet,ddii,Phase 2
DB12717,Mibampator,drug,DrugBank,238616.0,Alzheimer disease,disease,Orphanet,ddii,Phase 2
DB12101,Iberdomide,drug,DrugBank,536.0,Systemic lupus erythematosus,disease,Orphanet,ddii,Phase 2
DB12101,Iberdomide,drug,DrugBank,797.0,Sarcoidosis,disease,Orphanet,ddii,Phase 2
DB12101,Iberdomide,drug,DrugBank,29073.0,Multiple myeloma,disease,Orphanet,ddii,Phase 1
DB13399,Terguride,drug,DrugBank,182090.0,Pulmonary arterial hypertension,disease,Orphanet,ddii,Phase 2
DB06622,7-beta-Hydroxyepiandrosterone,drug,DrugBank,238616.0,Alzheimer disease,disease,Orphanet,ddii,Phase 2
DB11991,Oprozomib,drug,DrugBank,98293.0,Hodgkin lymphoma,disease,Orphanet,ddii,Phase 2
DB11991,Oprozomib,drug,DrugBank,29073.0,Multiple myeloma,disease,Orphanet,ddii,Phase 1
DB12505,E-7820,drug,DrugBank,466667.0,Colorectal cancer,disease,Orphanet,ddii,Phase 2
DB17007,Alirinetide,drug,DrugBank,238616.0,Alzheimer disease,disease,Orphanet,ddii,Phase 2
DB17007,Alirinetide,drug,DrugBank,803.0,Amyotrophic lateral sclerosis,disease,Orphanet,ddii,Phase 2
DB12852,MK-0752,drug,DrugBank,238616.0,Alzheimer disease,disease,Orphanet,ddii,Phase 2
DB15033,Flortaucipir,drug,DrugBank,238616.0,Alzheimer disease,disease,Orphanet,ddii,Phase 2
DB11692,Pavinetant,drug,DrugBank,802.0,Multiple sclerosis,disease,Orphanet,ddii,Phase 2
DB11692,Pavinetant,drug,DrugBank,3140.0,Schizophrenia,disease,Orphanet,ddii,Discontinued in Phase 2
DB11893,Avagacestat,drug,DrugBank,238616.0,Alzheimer disease,disease,Orphanet,ddii,Phase 2
DB11740,Adavosertib,drug,DrugBank,213500.0,Ovarian cancer,disease,Orphanet,ddii,Phase 2
DB07138,Neflamapimod,drug,DrugBank,238616.0,Alzheimer disease,disease,Orphanet,ddii,Phase 2
DB07138,Neflamapimod,drug,DrugBank,284130.0,Rheumatoid arthritis,disease,Orphanet,ddii,Phase 2
DB11648,Afuresertib,drug,DrugBank,29073.0,Multiple myeloma,disease,Orphanet,ddii,Phase 1
DB09199,Netoglitazone,drug,DrugBank,33271.0,Non-alcoholic fatty liver disease,disease,Orphanet,ddii,Phase 2
DB12714,Nerispirdine,drug,DrugBank,802.0,Multiple sclerosis,disease,Orphanet,ddii,Phase 2
DB12897,MK-7622,drug,DrugBank,238616.0,Alzheimer disease,disease,Orphanet,ddii,Phase 2
DB12173,Diphencyprone,drug,DrugBank,79364.0,Alopecia,disease,Orphanet,ddii,Phase 2
DB05984,RAF-265,drug,DrugBank,411533.0,Melanoma,disease,Orphanet,ddii,Phase 2
DB11836,Sapanisertib,drug,DrugBank,29073.0,Multiple myeloma,disease,Orphanet,ddii,Phase 2
DB15126,IMG-7289,drug,DrugBank,52688.0,Myelodysplastic syndrome,disease,Orphanet,ddii,Phase 2
DB17234,Bomedemstat,drug,DrugBank,52688.0,Myelodysplastic syndrome,disease,Orphanet,ddii,Phase 2
DB16825,Itanapraced,drug,DrugBank,238616.0,Alzheimer disease,disease,Orphanet,ddii,Phase 2
DB16173,Ganaplacide,drug,DrugBank,673.0,Malaria,disease,Orphanet,ddii,Phase 2
DB12331,Labetuzumab govitecan,drug,DrugBank,466667.0,Colorectal cancer,disease,Orphanet,ddii,Phase 2
DB17754,Telacebec,drug,DrugBank,3389.0,Tuberculosis,disease,Orphanet,ddii,Phase 1
DB11684,Eprenetapopt,drug,DrugBank,213500.0,Ovarian cancer,disease,Orphanet,ddii,Phase 2
DB11684,Eprenetapopt,drug,DrugBank,157980.0,Bladder cancer,disease,Orphanet,ddii,Phase 1/2
DB11684,Eprenetapopt,drug,DrugBank,52688.0,Myelodysplastic syndrome,disease,Orphanet,ddii,Phase 1
DB06179,Darinaparsin,drug,DrugBank,29073.0,Multiple myeloma,disease,Orphanet,ddii,Phase 2
DB05668,Palifosfamide,drug,DrugBank,3394.0,Soft tissue sarcoma,disease,Orphanet,ddii,Phase 2
DB12449,Tempol,drug,DrugBank,90058.0,Spinal cord injury,disease,Orphanet,ddii,Phase 2
DB06370,Indisulam,drug,DrugBank,223735.0,Lymphoma,disease,Orphanet,ddii,Phase 2
DB11833,Basimglurant,drug,DrugBank,908.0,Fragile X syndrome,disease,Orphanet,ddii,Phase 2
DB11809,Artefenomel,drug,DrugBank,673.0,Malaria,disease,Orphanet,ddii,Phase 2
DB12522,Toreforant,drug,DrugBank,284130.0,Rheumatoid arthritis,disease,Orphanet,ddii,Phase 2
DB06040,Filanesib,drug,DrugBank,29073.0,Multiple myeloma,disease,Orphanet,ddii,Phase 2
DB06195,Seliciclib,drug,DrugBank,150.0,Nasopharyngeal carcinoma,disease,Orphanet,ddii,Investigative
DB04857,Brasofensine,drug,DrugBank,319705.0,Parkinson disease,disease,Orphanet,ddii,Phase 2
DB16343,Tropifexor,drug,DrugBank,186.0,Primary biliary cholangitis,disease,Orphanet,ddii,Phase 2
DB16038,PLX8394,drug,DrugBank,411533.0,Melanoma,disease,Orphanet,ddii,Phase 1/2
DB18518,Crinecerfont,drug,DrugBank,418.0,Congenital adrenal hyperplasia,disease,Orphanet,ddii,Phase 2
DB12376,Ricolinostat,drug,DrugBank,29073.0,Multiple myeloma,disease,Orphanet,ddii,Phase 2
DB05454,Paliroden,drug,DrugBank,319705.0,Parkinson disease,disease,Orphanet,ddii,Phase 2
DB13040,Gandotinib,drug,DrugBank,98274.0,Myeloproliferative neoplasm,disease,Orphanet,ddii,Phase 2
DB12963,CCX-354,drug,DrugBank,284130.0,Rheumatoid arthritis,disease,Orphanet,ddii,Phase 2
DB12501,ABT-384,drug,DrugBank,238616.0,Alzheimer disease,disease,Orphanet,ddii,Phase 2
DB16987,Soticlestat,drug,DrugBank,33069.0,Dravet syndrome,disease,Orphanet,ddii,Phase 2
DB12879,Omigapil,drug,DrugBank,98473.0,Muscular dystrophy,disease,Orphanet,ddii,Phase 1
DB16849,Mivavotinib,drug,DrugBank,544.0,Diffuse large B-cell lymphoma,disease,Orphanet,ddii,Phase 2
DB12061,Pardoprunox,drug,DrugBank,319705.0,Parkinson disease,disease,Orphanet,ddii,Phase 2
DB02342,2-Methoxyestradiol,drug,DrugBank,182090.0,Pulmonary arterial hypertension,disease,Orphanet,ddii,Phase 2
DB12571,Rimacalib,drug,DrugBank,284130.0,Rheumatoid arthritis,disease,Orphanet,ddii,Phase 2
DB01042,Melphalan,drug,DrugBank,213500.0,Ovarian cancer,disease,Orphanet,ddii,Approved
DB00877,Sirolimus,drug,DrugBank,538.0,Lymphangioleiomyomatosis,disease,Orphanet,ddii,Approved
DB12621,ST-101,drug,DrugBank,238616.0,Alzheimer disease,disease,Orphanet,ddii,Phase 2
DB14982,Miransertib,drug,DrugBank,744.0,Proteus syndrome,disease,Orphanet,ddii,Phase 2
DB15266,Tovorafenib,drug,DrugBank,411533.0,Melanoma,disease,Orphanet,ddii,Phase 1
DB17168,TPI-287,drug,DrugBank,683.0,Progressive supranuclear palsy,disease,Orphanet,ddii,Phase 1
DB17168,TPI-287,drug,DrugBank,238616.0,Alzheimer disease,disease,Orphanet,ddii,Phase 1
DB05284,CA4P,drug,DrugBank,284130.0,Rheumatoid arthritis,disease,Orphanet,ddii,Phase 2
DB12577,Fosbretabulin,drug,DrugBank,284130.0,Rheumatoid arthritis,disease,Orphanet,ddii,Phase 2
DB11942,Selinexor,drug,DrugBank,29073.0,Multiple myeloma,disease,Orphanet,ddii,Approved
DB11864,Preladenant,drug,DrugBank,319705.0,Parkinson disease,disease,Orphanet,ddii,Phase 2
DB18124,Fipaxalparant,drug,DrugBank,90291.0,Systemic sclerosis,disease,Orphanet,ddii,Phase 2
DB14966,Venglustat,drug,DrugBank,324.0,Fabry disease,disease,Orphanet,ddii,Phase 2
DB14966,Venglustat,drug,DrugBank,319705.0,Parkinson disease,disease,Orphanet,ddii,Phase 2
DB14966,Venglustat,drug,DrugBank,355.0,Gaucher disease,disease,Orphanet,ddii,Phase 1
DB15219,Tomivosertib,drug,DrugBank,466667.0,Colorectal cancer,disease,Orphanet,ddii,Phase 2
DB15219,Tomivosertib,drug,DrugBank,88673.0,Hepatocellular carcinoma,disease,Orphanet,ddii,Phase 2
DB15219,Tomivosertib,drug,DrugBank,223735.0,Lymphoma,disease,Orphanet,ddii,Phase 1/2
DB14844,Dordaviprone,drug,DrugBank,29073.0,Multiple myeloma,disease,Orphanet,ddii,Phase 2
DB14844,Dordaviprone,drug,DrugBank,223735.0,Lymphoma,disease,Orphanet,ddii,Phase 1/2
DB15120,GSK-239512,drug,DrugBank,238616.0,Alzheimer disease,disease,Orphanet,ddii,Phase 2
DB15256,Reldesemtiv,drug,DrugBank,803.0,Amyotrophic lateral sclerosis,disease,Orphanet,ddii,Phase 2
DB15291,BMS-986142,drug,DrugBank,284130.0,Rheumatoid arthritis,disease,Orphanet,ddii,Phase 2
DB04982,Talampanel,drug,DrugBank,319705.0,Parkinson disease,disease,Orphanet,ddii,Phase 2
DB14816,Biropepimut-S,drug,DrugBank,29073.0,Multiple myeloma,disease,Orphanet,ddii,Phase 2
DB16838,BLZ-945,drug,DrugBank,803.0,Amyotrophic lateral sclerosis,disease,Orphanet,ddii,Phase 2
DB18488,DMP-777,drug,DrugBank,586.0,Cystic fibrosis,disease,Orphanet,ddii,Phase 2
DB12440,Verdiperstat,drug,DrugBank,319705.0,Parkinson disease,disease,Orphanet,ddii,Phase 2
DB12008,Prexasertib,drug,DrugBank,213500.0,Ovarian cancer,disease,Orphanet,ddii,Phase 2
DB12777,Veldoreotide,drug,DrugBank,963.0,Acromegaly,disease,Orphanet,ddii,Phase 2
DB03695,Piritrexim,drug,DrugBank,157980.0,Bladder cancer,disease,Orphanet,ddii,Phase 2
DB05772,Rabeximod,drug,DrugBank,284130.0,Rheumatoid arthritis,disease,Orphanet,ddii,Phase 2
DB09143,Sonidegib,drug,DrugBank,616.0,Medulloblastoma,disease,Orphanet,ddii,Phase 2
DB17045,Phorbol 12-myristate 13-acetate diester,drug,DrugBank,98293.0,Hodgkin lymphoma,disease,Orphanet,ddii,Phase 2
DB15408,Silmitasertib,drug,DrugBank,70567.0,Cholangiocarcinoma,disease,Orphanet,ddii,Phase 1/2
DB12054,BQ-123,drug,DrugBank,182090.0,Pulmonary arterial hypertension,disease,Orphanet,ddii,Phase 2
DB12085,LCL-161,drug,DrugBank,29073.0,Multiple myeloma,disease,Orphanet,ddii,Phase 2
DB14774,Balipodect,drug,DrugBank,3140.0,Schizophrenia,disease,Orphanet,ddii,Phase 2
DB06297,LX-2931,drug,DrugBank,284130.0,Rheumatoid arthritis,disease,Orphanet,ddii,Phase 2
DB11953,PF-04447943,drug,DrugBank,238616.0,Alzheimer disease,disease,Orphanet,ddii,Phase 2
DB06094,Apatorsen,drug,DrugBank,213500.0,Ovarian cancer,disease,Orphanet,ddii,Phase 2
DB06094,Apatorsen,drug,DrugBank,157980.0,Bladder cancer,disease,Orphanet,ddii,Phase 2
DB12057,ORM-12741,drug,DrugBank,238616.0,Alzheimer disease,disease,Orphanet,ddii,Phase 2
DB05482,SN-38,drug,DrugBank,466667.0,Colorectal cancer,disease,Orphanet,ddii,Phase 2
DB15499,Cerdulatinib,drug,DrugBank,3435.0,Vitiligo,disease,Orphanet,ddii,Phase 1
DB11905,Sutezolid,drug,DrugBank,3389.0,Tuberculosis,disease,Orphanet,ddii,Phase 2
DB14770,Lanraplenib,drug,DrugBank,284130.0,Rheumatoid arthritis,disease,Orphanet,ddii,Phase 1
DB16213,Ladostigil,drug,DrugBank,238616.0,Alzheimer disease,disease,Orphanet,ddii,Phase 2
DB12504,JNJ-40346527,drug,DrugBank,98293.0,Hodgkin lymphoma,disease,Orphanet,ddii,Phase 2
DB12579,JNJ-37822681,drug,DrugBank,3140.0,Schizophrenia,disease,Orphanet,ddii,Phase 2
DB05611,Apilimod,drug,DrugBank,206.0,Crohn disease,disease,Orphanet,ddii,Phase 2
DB05611,Apilimod,drug,DrugBank,284130.0,Rheumatoid arthritis,disease,Orphanet,ddii,Phase 2
DB11877,Basmisanil,drug,DrugBank,238616.0,Alzheimer disease,disease,Orphanet,ddii,Phase 2
DB11877,Basmisanil,drug,DrugBank,99429.0,Complete androgen insensitivity syndrome,disease,Orphanet,ddii,Phase 2
DB12307,Foretinib,drug,DrugBank,217071.0,Renal cell carcinoma,disease,Orphanet,ddii,Phase 2
DB05792,Arylacenamide,drug,DrugBank,284130.0,Rheumatoid arthritis,disease,Orphanet,ddii,Phase 2
DB14948,BMS-986020,drug,DrugBank,801.0,Scleroderma,disease,Orphanet,ddii,Phase 2
DB14769,Pamiparib,drug,DrugBank,213500.0,Ovarian cancer,disease,Orphanet,ddii,Phase 2
DB15183,Fosmanogepix,drug,DrugBank,284130.0,Rheumatoid arthritis,disease,Orphanet,ddii,Investigative
DB13978,Selisistat,drug,DrugBank,399.0,Huntington disease,disease,Orphanet,ddii,Phase 2
DB11752,Bryostatin 1,drug,DrugBank,238616.0,Alzheimer disease,disease,Orphanet,ddii,Phase 2
DB11782,Birinapant,drug,DrugBank,223735.0,Lymphoma,disease,Orphanet,ddii,Phase 2
DB15078,Rogaratinib,drug,DrugBank,157980.0,Bladder cancer,disease,Orphanet,ddii,Phase 2
DB17919,CPP-115 free base,drug,DrugBank,856.0,Tourette syndrome,disease,Orphanet,ddii,Phase 2
DB11781,Tosedostat,drug,DrugBank,52688.0,Myelodysplastic syndrome,disease,Orphanet,ddii,Phase 2
DB13006,Cibinetide,drug,DrugBank,797.0,Sarcoidosis,disease,Orphanet,ddii,Phase 2
DB11588,Carbon monoxide,drug,DrugBank,586.0,Cystic fibrosis,disease,Orphanet,ddii,Phase 2
DB16063,2X-121,drug,DrugBank,213500.0,Ovarian cancer,disease,Orphanet,ddii,Phase 2
DB05460,Ezatiostat,drug,DrugBank,52688.0,Myelodysplastic syndrome,disease,Orphanet,ddii,Phase 2
DB12391,Sagopilone,drug,DrugBank,213500.0,Ovarian cancer,disease,Orphanet,ddii,Phase 2
DB12547,LY-2886721,drug,DrugBank,238616.0,Alzheimer disease,disease,Orphanet,ddii,Phase 2
DB14849,Nebicapone,drug,DrugBank,319705.0,Parkinson disease,disease,Orphanet,ddii,Phase 2
DB12228,Telcagepant,drug,DrugBank,1002.0,Cluster headache,disease,Orphanet,ddii,Phase 2
DB11843,PF-04958242,drug,DrugBank,3140.0,Schizophrenia,disease,Orphanet,ddii,Phase 2
DB12655,Patidegib,drug,DrugBank,55880.0,Chondrosarcoma,disease,Orphanet,ddii,Discontinued in Phase 2
DB15227,Tirabrutinib,drug,DrugBank,284130.0,Rheumatoid arthritis,disease,Orphanet,ddii,Phase 1
DB06091,Evofosfamide,drug,DrugBank,3394.0,Soft tissue sarcoma,disease,Orphanet,ddii,Phase 2
DB06091,Evofosfamide,drug,DrugBank,411533.0,Melanoma,disease,Orphanet,ddii,Phase 1
DB12387,OSI-027,drug,DrugBank,217071.0,Renal cell carcinoma,disease,Orphanet,ddii,Phase 2
DB12732,Firategrast,drug,DrugBank,802.0,Multiple sclerosis,disease,Orphanet,ddii,Phase 2
DB13020,Apratastat,drug,DrugBank,284130.0,Rheumatoid arthritis,disease,Orphanet,ddii,Phase 2
DB14990,Bazlitoran,drug,DrugBank,284130.0,Rheumatoid arthritis,disease,Orphanet,ddii,Phase 2
DB14990,Bazlitoran,drug,DrugBank,544.0,Diffuse large B-cell lymphoma,disease,Orphanet,ddii,Phase 1/2
DB16123,Ceralifimod,drug,DrugBank,284130.0,Rheumatoid arthritis,disease,Orphanet,ddii,Phase 2
DB16296,IPI-549,drug,DrugBank,157980.0,Bladder cancer,disease,Orphanet,ddii,Phase 2
DB16296,IPI-549,drug,DrugBank,411533.0,Melanoma,disease,Orphanet,ddii,Phase 1
DB16296,IPI-549,drug,DrugBank,1501.0,Adrenocortical carcinoma,disease,Orphanet,ddii,Phase 1
DB14998,Olorinab,drug,DrugBank,206.0,Crohn disease,disease,Orphanet,ddii,Phase 2
DB14790,Zatolmilast,drug,DrugBank,238616.0,Alzheimer disease,disease,Orphanet,ddii,Phase 2
DB17969,Edotreotide,drug,DrugBank,963.0,Acromegaly,disease,Orphanet,ddii,Phase 2
DB12140,Dilmapimod,drug,DrugBank,178320.0,Acute lung injury,disease,Orphanet,ddii,Phase 2
DB12766,Cicletanine,drug,DrugBank,182090.0,Pulmonary arterial hypertension,disease,Orphanet,ddii,Phase 2
DB05766,Norclozapine,drug,DrugBank,3140.0,Schizophrenia,disease,Orphanet,ddii,Phase 2
DB06429,Talnetant,drug,DrugBank,3140.0,Schizophrenia,disease,Orphanet,ddii,Phase 2
DB13010,4-isothioureidobutyronitrile,drug,DrugBank,213500.0,Ovarian cancer,disease,Orphanet,ddii,Phase 2
DB05186,SQ-109,drug,DrugBank,3389.0,Tuberculosis,disease,Orphanet,ddii,Phase 2
DB13082,Nefiracetam,drug,DrugBank,238616.0,Alzheimer disease,disease,Orphanet,ddii,Phase 2
DB17749,AQ-13,drug,DrugBank,673.0,Malaria,disease,Orphanet,ddii,Phase 2
DB15292,Foliglurax,drug,DrugBank,319705.0,Parkinson disease,disease,Orphanet,ddii,Phase 2
DB12549,Pyrazoloacridine,drug,DrugBank,466667.0,Colorectal cancer,disease,Orphanet,ddii,Phase 2
DB16168,Fluorocyclopentenylcytosine,drug,DrugBank,157980.0,Bladder cancer,disease,Orphanet,ddii,Phase 2
DB14866,Amcasertib,drug,DrugBank,88673.0,Hepatocellular carcinoma,disease,Orphanet,ddii,Phase 2
DB14866,Amcasertib,drug,DrugBank,70567.0,Cholangiocarcinoma,disease,Orphanet,ddii,Phase 2
DB14866,Amcasertib,drug,DrugBank,213500.0,Ovarian cancer,disease,Orphanet,ddii,Phase 2
DB12306,Cipargamin,drug,DrugBank,673.0,Malaria,disease,Orphanet,ddii,Phase 2
DB16875,GSK-2982772,drug,DrugBank,771.0,Ulcerative colitis,disease,Orphanet,ddii,Phase 1
DB16875,GSK-2982772,drug,DrugBank,284130.0,Rheumatoid arthritis,disease,Orphanet,ddii,Phase 1
DB17873,Depelestat,drug,DrugBank,178320.0,Acute lung injury,disease,Orphanet,ddii,Phase 2
DB12224,Oxothiazolidinecarboxylic acid,drug,DrugBank,803.0,Amyotrophic lateral sclerosis,disease,Orphanet,ddii,Phase 2
DB11805,Saracatinib,drug,DrugBank,668.0,Osteosarcoma,disease,Orphanet,ddii,Phase 2
DB12462,Ralinepag,drug,DrugBank,182090.0,Pulmonary arterial hypertension,disease,Orphanet,ddii,Phase 2
DB12384,Silatecan,drug,DrugBank,52688.0,Myelodysplastic syndrome,disease,Orphanet,ddii,Phase 2
DB15254,Avutometinib,drug,DrugBank,213500.0,Ovarian cancer,disease,Orphanet,ddii,Phase 2
DB15310,Vactosertib,drug,DrugBank,98274.0,Myeloproliferative neoplasm,disease,Orphanet,ddii,Phase 2
DB15310,Vactosertib,drug,DrugBank,52688.0,Myelodysplastic syndrome,disease,Orphanet,ddii,Phase 1/2
DB05814,GPI-1485,drug,DrugBank,319705.0,Parkinson disease,disease,Orphanet,ddii,Phase 2
DB04870,Oleoyl-estrone,drug,DrugBank,238616.0,Alzheimer disease,disease,Orphanet,ddii,Phase 2
DB12559,EC-17,drug,DrugBank,217071.0,Renal cell carcinoma,disease,Orphanet,ddii,Phase 2
DB15192,ABT-288,drug,DrugBank,238616.0,Alzheimer disease,disease,Orphanet,ddii,Phase 2
DB11993,PF-03463275,drug,DrugBank,3140.0,Schizophrenia,disease,Orphanet,ddii,Phase 2
DB12006,Osugacestat,drug,DrugBank,223735.0,Lymphoma,disease,Orphanet,ddii,Phase 1
DB16108,TAK-715,drug,DrugBank,284130.0,Rheumatoid arthritis,disease,Orphanet,ddii,Phase 2
DB08387,Mardepodect,drug,DrugBank,3140.0,Schizophrenia,disease,Orphanet,ddii,Phase 2
DB08387,Mardepodect,drug,DrugBank,399.0,Huntington disease,disease,Orphanet,ddii,Phase 2
DB11706,Vixotrigine,drug,DrugBank,221091.0,Trigeminal neuralgia,disease,Orphanet,ddii,Phase 2
DB14775,Cavosonstat,drug,DrugBank,586.0,Cystic fibrosis,disease,Orphanet,ddii,Phase 2
DB06188,Ispinesib,drug,DrugBank,213500.0,Ovarian cancer,disease,Orphanet,ddii,Phase 2
DB06188,Ispinesib,drug,DrugBank,217071.0,Renal cell carcinoma,disease,Orphanet,ddii,Phase 2
DB12435,Tipelukast,drug,DrugBank,2032.0,Idiopathic pulmonary fibrosis,disease,Orphanet,ddii,Phase 2
DB06248,Amelubant,drug,DrugBank,586.0,Cystic fibrosis,disease,Orphanet,ddii,Discontinued in Phase 2
DB15170,Evobrutinib,drug,DrugBank,802.0,Multiple sclerosis,disease,Orphanet,ddii,Phase 2
DB15170,Evobrutinib,drug,DrugBank,284130.0,Rheumatoid arthritis,disease,Orphanet,ddii,Phase 2
DB15170,Evobrutinib,drug,DrugBank,536.0,Systemic lupus erythematosus,disease,Orphanet,ddii,Phase 1
DB05152,NGX267,drug,DrugBank,3140.0,Schizophrenia,disease,Orphanet,ddii,Phase 2
DB14916,Selonsertib,drug,DrugBank,182090.0,Pulmonary arterial hypertension,disease,Orphanet,ddii,Phase 2
DB05524,Pelitinib,drug,DrugBank,223735.0,Lymphoma,disease,Orphanet,ddii,Phase 2
DB16891,ENMD-981693,drug,DrugBank,88673.0,Hepatocellular carcinoma,disease,Orphanet,ddii,Phase 1
DB12869,Eliprodil,drug,DrugBank,802.0,Multiple sclerosis,disease,Orphanet,ddii,Phase 2
DB05134,Tanespimycin,drug,DrugBank,29073.0,Multiple myeloma,disease,Orphanet,ddii,Discontinued in Phase 3
DB06623,Flupirtine,drug,DrugBank,41842.0,Fibromyalgia,disease,Orphanet,ddii,Phase 2
DB14845,Filgotinib,drug,DrugBank,206.0,Crohn disease,disease,Orphanet,ddii,Phase 2
DB14845,Filgotinib,drug,DrugBank,284130.0,Rheumatoid arthritis,disease,Orphanet,ddii,Phase 2
DB12135,Elubrixin,drug,DrugBank,586.0,Cystic fibrosis,disease,Orphanet,ddii,Phase 2
DB12476,CPG-52852,drug,DrugBank,411533.0,Melanoma,disease,Orphanet,ddii,Phase 2
DB18634,Vasoactive intestinal peptide,drug,DrugBank,182090.0,Pulmonary arterial hypertension,disease,Orphanet,ddii,Phase 2
DB15670,Gusacitinib,drug,DrugBank,223735.0,Lymphoma,disease,Orphanet,ddii,Phase 1/2
DB11990,MK-0812,drug,DrugBank,802.0,Multiple sclerosis,disease,Orphanet,ddii,Phase 2
DB12885,Namodenoson,drug,DrugBank,88673.0,Hepatocellular carcinoma,disease,Orphanet,ddii,Phase 2
DB15640,CDC-801,drug,DrugBank,206.0,Crohn disease,disease,Orphanet,ddii,Phase 2
DB04875,Pralnacasan,drug,DrugBank,284130.0,Rheumatoid arthritis,disease,Orphanet,ddii,Phase 2
DB12411,Bemcentinib,drug,DrugBank,52688.0,Myelodysplastic syndrome,disease,Orphanet,ddii,Phase 2
DB17758,Quilseconazole,drug,DrugBank,2737.0,Onchocerciasis,disease,Orphanet,ddii,Phase 2
DB12705,Cenerimod,drug,DrugBank,536.0,Systemic lupus erythematosus,disease,Orphanet,ddii,Phase 2
DB15352,Vorsetuzumab mafodotin,drug,DrugBank,544.0,Diffuse large B-cell lymphoma,disease,Orphanet,ddii,Phase 2
DB12129,Tideglusib,drug,DrugBank,668.0,Osteosarcoma,disease,Orphanet,ddii,Phase 2
DB14941,BMS-817399,drug,DrugBank,284130.0,Rheumatoid arthritis,disease,Orphanet,ddii,Phase 2
DB12229,Cerlapirdine,drug,DrugBank,238616.0,Alzheimer disease,disease,Orphanet,ddii,Phase 2
DB12310,Trehalose,drug,DrugBank,98473.0,Muscular dystrophy,disease,Orphanet,ddii,Phase 2
DB12310,Trehalose,drug,DrugBank,270.0,Oculopharyngeal muscular dystrophy,disease,Orphanet,ddii,Phase 2
DB11956,Delanzomib,drug,DrugBank,29073.0,Multiple myeloma,disease,Orphanet,ddii,Phase 2
DB13058,Methanesulfonyl Fluoride,drug,DrugBank,238616.0,Alzheimer disease,disease,Orphanet,ddii,Phase 2
DB16828,MK-2206,drug,DrugBank,150.0,Nasopharyngeal carcinoma,disease,Orphanet,ddii,Investigative
DB16274,Osoresnontrine,drug,DrugBank,3140.0,Schizophrenia,disease,Orphanet,ddii,Phase 2
DB16274,Osoresnontrine,drug,DrugBank,238616.0,Alzheimer disease,disease,Orphanet,ddii,Phase 2
DB09280,Lumacaftor,drug,DrugBank,586.0,Cystic fibrosis,disease,Orphanet,ddii,Phase 2
DB11798,Tanzisertib,drug,DrugBank,2032.0,Idiopathic pulmonary fibrosis,disease,Orphanet,ddii,Phase 2
DB11798,Tanzisertib,drug,DrugBank,90281.0,Discoid lupus erythematosus,disease,Orphanet,ddii,Phase 2
DB12282,Defactinib,drug,DrugBank,213500.0,Ovarian cancer,disease,Orphanet,ddii,Phase 2
DB13729,Camostat,drug,DrugBank,586.0,Cystic fibrosis,disease,Orphanet,ddii,Phase 2
DB08868,Fingolimod,drug,DrugBank,802.0,Multiple sclerosis,disease,Orphanet,ddii,Approved
DB05424,Canertinib,drug,DrugBank,223735.0,Lymphoma,disease,Orphanet,ddii,Phase 2
DB06140,SUVN-502,drug,DrugBank,238616.0,Alzheimer disease,disease,Orphanet,ddii,Phase 2
DB01791,Piclamilast,drug,DrugBank,284130.0,Rheumatoid arthritis,disease,Orphanet,ddii,Phase 2
DB06625,Vipadenant,drug,DrugBank,319705.0,Parkinson disease,disease,Orphanet,ddii,Phase 2
DB05708,GTS-21,drug,DrugBank,319705.0,Parkinson disease,disease,Orphanet,ddii,Phase 2
DB01356,Lithium cation,drug,DrugBank,908.0,Fragile X syndrome,disease,Orphanet,ddii,Phase 2
DB16191,Ifidancitinib,drug,DrugBank,79364.0,Alopecia,disease,Orphanet,ddii,Phase 2
DB16400,Sibofimloc,drug,DrugBank,206.0,Crohn disease,disease,Orphanet,ddii,Phase 2
DB18245,Zandelisib,drug,DrugBank,545.0,Follicular lymphoma,disease,Orphanet,ddii,Phase 2
DB16214,Landipirdine,drug,DrugBank,319705.0,Parkinson disease,disease,Orphanet,ddii,Phase 2
DB16243,TBA-7371,drug,DrugBank,3389.0,Tuberculosis,disease,Orphanet,ddii,Phase 2
DB14786,Nerofe,drug,DrugBank,52688.0,Myelodysplastic syndrome,disease,Orphanet,ddii,Phase 2
DB18314,Valemetostat,drug,DrugBank,217071.0,Renal cell carcinoma,disease,Orphanet,ddii,Phase 1
DB14867,Parsaclisib,drug,DrugBank,545.0,Follicular lymphoma,disease,Orphanet,ddii,Phase 2
DB17724,Rusfertide,drug,DrugBank,729.0,Polycythemia vera,disease,Orphanet,ddii,Phase 2
DB16057,OBI-3424,drug,DrugBank,88673.0,Hepatocellular carcinoma,disease,Orphanet,ddii,Phase 1/2
DB15447,Setogepram,drug,DrugBank,2032.0,Idiopathic pulmonary fibrosis,disease,Orphanet,ddii,Phase 2
DB15039,ITI-214,drug,DrugBank,319705.0,Parkinson disease,disease,Orphanet,ddii,Phase 1/2
DB15039,ITI-214,drug,DrugBank,3140.0,Schizophrenia,disease,Orphanet,ddii,Phase 1
DB15039,ITI-214,drug,DrugBank,99429.0,Complete androgen insensitivity syndrome,disease,Orphanet,ddii,Phase 1
DB15189,Birabresib,drug,DrugBank,52688.0,Myelodysplastic syndrome,disease,Orphanet,ddii,Phase 1
DB04915,Idronoxil,drug,DrugBank,213500.0,Ovarian cancer,disease,Orphanet,ddii,Phase 1/2
DB16125,Ciforadenant,drug,DrugBank,319705.0,Parkinson disease,disease,Orphanet,ddii,Phase 1/2
DB13051,CH-5132799,drug,DrugBank,466667.0,Colorectal cancer,disease,Orphanet,ddii,Phase 1/2
DB13087,Miridesap,drug,DrugBank,319705.0,Parkinson disease,disease,Orphanet,ddii,Phase 1/2
DB15419,Nanatinostat,drug,DrugBank,223735.0,Lymphoma,disease,Orphanet,ddii,Phase 1/2
DB16137,Dezapelisib,drug,DrugBank,223735.0,Lymphoma,disease,Orphanet,ddii,Phase 1/2
DB14943,LGH-447,drug,DrugBank,29073.0,Multiple myeloma,disease,Orphanet,ddii,Phase 1/2
DB12707,AR-42,drug,DrugBank,29073.0,Multiple myeloma,disease,Orphanet,ddii,Phase 1/2
DB06580,Celgosivir,drug,DrugBank,99828.0,Dengue fever,disease,Orphanet,ddii,Phase 1/2
DB16845,Roblitinib,drug,DrugBank,88673.0,Hepatocellular carcinoma,disease,Orphanet,ddii,Phase 1/2
DB12050,LY-3039478,drug,DrugBank,223735.0,Lymphoma,disease,Orphanet,ddii,Phase 1
DB05513,Atiprimod,drug,DrugBank,29073.0,Multiple myeloma,disease,Orphanet,ddii,Phase 1/2
DB11891,Fimepinostat,drug,DrugBank,544.0,Diffuse large B-cell lymphoma,disease,Orphanet,ddii,Phase 1
DB11891,Fimepinostat,drug,DrugBank,635.0,Neuroblastoma,disease,Orphanet,ddii,Phase 1
DB12582,Piperine,drug,DrugBank,3435.0,Vitiligo,disease,Orphanet,ddii,Phase 1/2
DB16153,Eltanexor,drug,DrugBank,52688.0,Myelodysplastic syndrome,disease,Orphanet,ddii,Phase 1/2
DB16153,Eltanexor,drug,DrugBank,466667.0,Colorectal cancer,disease,Orphanet,ddii,Phase 1/2
DB16656,Zotiraciclib,drug,DrugBank,251589.0,Anaplastic astrocytoma,disease,Orphanet,ddii,Phase 1/2
DB16059,Darovasertib,drug,DrugBank,411533.0,Melanoma,disease,Orphanet,ddii,Phase 1
DB12550,Taladegib,drug,DrugBank,213500.0,Ovarian cancer,disease,Orphanet,ddii,Phase 1
DB18091,LNS-8801,drug,DrugBank,223735.0,Lymphoma,disease,Orphanet,ddii,Phase 1/2
DB17893,Gallium citrate,drug,DrugBank,586.0,Cystic fibrosis,disease,Orphanet,ddii,Phase 1/2
DB17770,Quabodepistat,drug,DrugBank,3389.0,Tuberculosis,disease,Orphanet,ddii,Phase 1/2
DB11110,Magnesium citrate,drug,DrugBank,243761.0,Essential hypertension,disease,Orphanet,ddii,Phase 1/2
DB12899,TT-301,drug,DrugBank,238616.0,Alzheimer disease,disease,Orphanet,ddii,Phase 1
DB18405,Crisdesalazine,drug,DrugBank,238616.0,Alzheimer disease,disease,Orphanet,ddii,Phase 1
DB16331,Siremadlin,drug,DrugBank,69078.0,Liposarcoma,disease,Orphanet,ddii,Phase 1
DB07425,Sobetirome,drug,DrugBank,3140.0,Schizophrenia,disease,Orphanet,ddii,Phase 1
DB15449,Citarinostat,drug,DrugBank,29073.0,Multiple myeloma,disease,Orphanet,ddii,Phase 1
DB13048,PAC-1,drug,DrugBank,251589.0,Anaplastic astrocytoma,disease,Orphanet,ddii,Phase 1
DB14791,GDC-0425,drug,DrugBank,223735.0,Lymphoma,disease,Orphanet,ddii,Phase 1
DB12675,PF-04995274,drug,DrugBank,238616.0,Alzheimer disease,disease,Orphanet,ddii,Phase 1
DB12640,CP-609754,drug,DrugBank,157980.0,Bladder cancer,disease,Orphanet,ddii,Phase 1
DB12703,Omipalisib,drug,DrugBank,223735.0,Lymphoma,disease,Orphanet,ddii,Phase 1
DB15407,Acalisib,drug,DrugBank,223735.0,Lymphoma,disease,Orphanet,ddii,Phase 1
DB14857,Avadomide,drug,DrugBank,223735.0,Lymphoma,disease,Orphanet,ddii,Phase 1
DB14857,Avadomide,drug,DrugBank,544.0,Diffuse large B-cell lymphoma,disease,Orphanet,ddii,Phase 1
DB14857,Avadomide,drug,DrugBank,29073.0,Multiple myeloma,disease,Orphanet,ddii,Phase 1
DB14857,Avadomide,drug,DrugBank,88673.0,Hepatocellular carcinoma,disease,Orphanet,ddii,Phase 1
DB15440,GSK-3117391,drug,DrugBank,284130.0,Rheumatoid arthritis,disease,Orphanet,ddii,Phase 1
DB12368,AZD-3839,drug,DrugBank,238616.0,Alzheimer disease,disease,Orphanet,ddii,Phase 1
DB13105,Resolvin E1,drug,DrugBank,284130.0,Rheumatoid arthritis,disease,Orphanet,ddii,Phase 1
DB05520,Mimopezil,drug,DrugBank,319705.0,Parkinson disease,disease,Orphanet,ddii,Phase 1
DB17102,Ioflubenzamide I-131,drug,DrugBank,411533.0,Melanoma,disease,Orphanet,ddii,Phase 1
DB15366,SOR-C13,drug,DrugBank,213500.0,Ovarian cancer,disease,Orphanet,ddii,Phase 1
DB15366,SOR-C13,drug,DrugBank,238616.0,Alzheimer disease,disease,Orphanet,ddii,Phase 1
DB06306,Onalespib,drug,DrugBank,411533.0,Melanoma,disease,Orphanet,ddii,Phase 1
DB12804,Daniquidone,drug,DrugBank,223735.0,Lymphoma,disease,Orphanet,ddii,Phase 1
DB04365,Arecoline,drug,DrugBank,319705.0,Parkinson disease,disease,Orphanet,ddii,Phase 1
DB14885,PF-05180999,drug,DrugBank,3140.0,Schizophrenia,disease,Orphanet,ddii,Phase 1
DB16874,CB-5083,drug,DrugBank,29073.0,Multiple myeloma,disease,Orphanet,ddii,Phase 1
DB18298,PTI-110,drug,DrugBank,69.0,Amyloidosis,disease,Orphanet,ddii,Phase 1
DB12729,ASP-3026,drug,DrugBank,544.0,Diffuse large B-cell lymphoma,disease,Orphanet,ddii,Phase 1
DB02656,LY-294002,drug,DrugBank,635.0,Neuroblastoma,disease,Orphanet,ddii,Phase 1
DB05444,Iroxanadine,drug,DrugBank,803.0,Amyotrophic lateral sclerosis,disease,Orphanet,ddii,Discontinued in Phase 2
DB12263,Begacestat,drug,DrugBank,238616.0,Alzheimer disease,disease,Orphanet,ddii,Phase 1
DB16106,GSK2256098,drug,DrugBank,182090.0,Pulmonary arterial hypertension,disease,Orphanet,ddii,Phase 1
DB18066,NM-004,drug,DrugBank,771.0,Ulcerative colitis,disease,Orphanet,ddii,Phase 1
DB16036,ABX-1431,drug,DrugBank,856.0,Tourette syndrome,disease,Orphanet,ddii,Phase 1
DB15169,H3B-6527,drug,DrugBank,88673.0,Hepatocellular carcinoma,disease,Orphanet,ddii,Phase 1
DB05171,E-2012,drug,DrugBank,238616.0,Alzheimer disease,disease,Orphanet,ddii,Phase 1
DB16936,F-15599,drug,DrugBank,778.0,Rett syndrome,disease,Orphanet,ddii,Phase 1
DB17264,TRX-E-002-1,drug,DrugBank,213500.0,Ovarian cancer,disease,Orphanet,ddii,Phase 1
DB14066,Tetrandrine,drug,DrugBank,466667.0,Colorectal cancer,disease,Orphanet,ddii,Discontinued in Phase 3
DB16030,VLX-1570,drug,DrugBank,29073.0,Multiple myeloma,disease,Orphanet,ddii,Phase 1
DB17507,COTI-2,drug,DrugBank,213500.0,Ovarian cancer,disease,Orphanet,ddii,Phase 1
DB15214,BMS-986104,drug,DrugBank,284130.0,Rheumatoid arthritis,disease,Orphanet,ddii,Phase 1
DB04786,Suramin,drug,DrugBank,3385.0,African trypanosomiasis,disease,Orphanet,ddii,Phase 1
DB17166,Tapotoclax,drug,DrugBank,29073.0,Multiple myeloma,disease,Orphanet,ddii,Phase 1
DB13102,AZD-8418,drug,DrugBank,3140.0,Schizophrenia,disease,Orphanet,ddii,Phase 1
DB12635,Aleplasinin,drug,DrugBank,238616.0,Alzheimer disease,disease,Orphanet,ddii,Phase 1
DB14899,Tavapadon,drug,DrugBank,319705.0,Parkinson disease,disease,Orphanet,ddii,Phase 1
DB12542,GSK-356278,drug,DrugBank,399.0,Huntington disease,disease,Orphanet,ddii,Phase 1
DB13065,LY-2811376,drug,DrugBank,238616.0,Alzheimer disease,disease,Orphanet,ddii,Phase 1
DB16095,APG-1387,drug,DrugBank,150.0,Nasopharyngeal carcinoma,disease,Orphanet,ddii,Investigative
DB12740,CC-115,drug,DrugBank,29073.0,Multiple myeloma,disease,Orphanet,ddii,Phase 1
DB18707,AVL-3288,drug,DrugBank,99429.0,Complete androgen insensitivity syndrome,disease,Orphanet,ddii,Phase 1
DB12663,Letrazuril,drug,DrugBank,472.0,Isosporiasis,disease,Orphanet,ddii,Phase 1
DB15425,CYC-065,drug,DrugBank,223735.0,Lymphoma,disease,Orphanet,ddii,Phase 1
DB11819,ASP-4058,drug,DrugBank,802.0,Multiple sclerosis,disease,Orphanet,ddii,Phase 1
DB07227,L-778123,drug,DrugBank,223735.0,Lymphoma,disease,Orphanet,ddii,Phase 1
DB02383,Tolrestat,drug,DrugBank,3140.0,Schizophrenia,disease,Orphanet,ddii,Phase 1
DB12480,Betulinic Acid,drug,DrugBank,411533.0,Melanoma,disease,Orphanet,ddii,Phase 1
DB17101,SC 41930,drug,DrugBank,217071.0,Renal cell carcinoma,disease,Orphanet,ddii,Discontinued in Phase 1
DB14933,Nicotinamide riboside,drug,DrugBank,206966.0,Mitochondrial myopathy,disease,Orphanet,ddii,Phase 1
DB12819,GSI-136,drug,DrugBank,238616.0,Alzheimer disease,disease,Orphanet,ddii,Phase 1
DB05383,Pimagedine,drug,DrugBank,284130.0,Rheumatoid arthritis,disease,Orphanet,ddii,Discontinued in Phase 2
DB18479,Rodatristat ethyl,drug,DrugBank,182090.0,Pulmonary arterial hypertension,disease,Orphanet,ddii,Phase 1
DB01388,Mibefradil,drug,DrugBank,213500.0,Ovarian cancer,disease,Orphanet,ddii,Withdrawn from market
DB16167,Fisogatinib,drug,DrugBank,88673.0,Hepatocellular carcinoma,disease,Orphanet,ddii,Phase 1
DB15105,PF-06751979,drug,DrugBank,238616.0,Alzheimer disease,disease,Orphanet,ddii,Phase 1
DB15151,RO-6870810,drug,DrugBank,29073.0,Multiple myeloma,disease,Orphanet,ddii,Phase 1
DB14017,H3B-8800,drug,DrugBank,52688.0,Myelodysplastic syndrome,disease,Orphanet,ddii,Phase 1
DB14799,PF-06821497,drug,DrugBank,545.0,Follicular lymphoma,disease,Orphanet,ddii,Phase 1
DB14799,PF-06821497,drug,DrugBank,544.0,Diffuse large B-cell lymphoma,disease,Orphanet,ddii,Phase 1
DB17421,Trotabresib,drug,DrugBank,94.0,Astrocytoma,disease,Orphanet,ddii,Phase 1
DB16299,Poseltinib,drug,DrugBank,284130.0,Rheumatoid arthritis,disease,Orphanet,ddii,Phase 1
DB01950,AR-AO-14418,drug,DrugBank,213500.0,Ovarian cancer,disease,Orphanet,ddii,Patented
DB14866,Amcasertib,drug,DrugBank,466667.0,Colorectal cancer,disease,Orphanet,ddii,Patented
DB01422,Nitroxoline,drug,DrugBank,238616.0,Alzheimer disease,disease,Orphanet,ddii,Patented
DB15120,GSK-239512,drug,DrugBank,3140.0,Schizophrenia,disease,Orphanet,ddii,Patented
DB08754,N-Caffeoyltyramine,drug,DrugBank,565.0,Menkes disease,disease,Orphanet,ddii,Patented
DB00409,Remoxipride,drug,DrugBank,3140.0,Schizophrenia,disease,Orphanet,ddii,Withdrawn from market
DB06144,Sertindole,drug,DrugBank,3140.0,Schizophrenia,disease,Orphanet,ddii,Withdrawn from market
DB06268,Sitaxentan,drug,DrugBank,182090.0,Pulmonary arterial hypertension,disease,Orphanet,ddii,Withdrawn from market
DB04888,Bifeprunox,drug,DrugBank,3140.0,Schizophrenia,disease,Orphanet,ddii,Discontinued in Phase 3
DB06535,Etilevodopa,drug,DrugBank,319705.0,Parkinson disease,disease,Orphanet,ddii,Discontinued in Phase 3
DB04859,Zanapezil,drug,DrugBank,238616.0,Alzheimer disease,disease,Orphanet,ddii,Discontinued in Phase 3
DB12984,Larotaxel,drug,DrugBank,157980.0,Bladder cancer,disease,Orphanet,ddii,Discontinued in Phase 3
DB06276,Tanomastat,drug,DrugBank,213500.0,Ovarian cancer,disease,Orphanet,ddii,Discontinued in Phase 3
DB04872,Osanetant,drug,DrugBank,3140.0,Schizophrenia,disease,Orphanet,ddii,Discontinued in Phase 2b
DB16073,AZD8529,drug,DrugBank,3140.0,Schizophrenia,disease,Orphanet,ddii,Discontinued in Phase 2
DB12395,Esreboxetine,drug,DrugBank,41842.0,Fibromyalgia,disease,Orphanet,ddii,Discontinued in Phase 2
DB04851,Biricodar,drug,DrugBank,213500.0,Ovarian cancer,disease,Orphanet,ddii,Discontinued in Phase 2
DB12998,PF-00217830,drug,DrugBank,3140.0,Schizophrenia,disease,Orphanet,ddii,Discontinued in Phase 2
DB06240,Tariquidar,drug,DrugBank,1501.0,Adrenocortical carcinoma,disease,Orphanet,ddii,Discontinued in Phase 2
DB15272,Edratide,drug,DrugBank,536.0,Systemic lupus erythematosus,disease,Orphanet,ddii,Discontinued in Phase 2
DB15190,GLPG-0259,drug,DrugBank,284130.0,Rheumatoid arthritis,disease,Orphanet,ddii,Discontinued in Phase 2
DB06460,Enrasentan,drug,DrugBank,182090.0,Pulmonary arterial hypertension,disease,Orphanet,ddii,Discontinued in Phase 2
DB16205,Ispronicline,drug,DrugBank,3140.0,Schizophrenia,disease,Orphanet,ddii,Discontinued in Phase 2
DB16205,Ispronicline,drug,DrugBank,238616.0,Alzheimer disease,disease,Orphanet,ddii,Discontinued in Phase 2
DB05107,16-Bromoepiandrosterone,drug,DrugBank,586.0,Cystic fibrosis,disease,Orphanet,ddii,Discontinued in Phase 2
DB01647,Daxalipram,drug,DrugBank,802.0,Multiple sclerosis,disease,Orphanet,ddii,Discontinued in Phase 2
DB05458,Pozanicline,drug,DrugBank,3140.0,Schizophrenia,disease,Orphanet,ddii,Discontinued in Phase 2
DB13053,CP-195543,drug,DrugBank,284130.0,Rheumatoid arthritis,disease,Orphanet,ddii,Discontinued in Phase 2
DB05103,AN-9,drug,DrugBank,411533.0,Melanoma,disease,Orphanet,ddii,Discontinued in Phase 2
DB12222,Lurtotecan,drug,DrugBank,213500.0,Ovarian cancer,disease,Orphanet,ddii,Discontinued in Phase 2
DB12145,AZD-0328,drug,DrugBank,238616.0,Alzheimer disease,disease,Orphanet,ddii,Discontinued in Phase 2
DB12378,Apricoxib,drug,DrugBank,284130.0,Rheumatoid arthritis,disease,Orphanet,ddii,Discontinued in Phase 2
DB04545,Afegostat,drug,DrugBank,355.0,Gaucher disease,disease,Orphanet,ddii,Discontinued in Phase 2
DB05800,Alethine,drug,DrugBank,223735.0,Lymphoma,disease,Orphanet,ddii,Discontinued in Phase 1/2
DB06518,R-1487,drug,DrugBank,284130.0,Rheumatoid arthritis,disease,Orphanet,ddii,Discontinued in Phase 1
DB11366,Roquinimex,drug,DrugBank,284130.0,Rheumatoid arthritis,disease,Orphanet,ddii,Discontinued in Phase 1
DB11962,GSK-1059615,drug,DrugBank,223735.0,Lymphoma,disease,Orphanet,ddii,Discontinued in Phase 1
DB16294,Pexmetinib,drug,DrugBank,52688.0,Myelodysplastic syndrome,disease,Orphanet,ddii,Discontinued in Phase 1
DB15012,Farampator,drug,DrugBank,3140.0,Schizophrenia,disease,Orphanet,ddii,Discontinued in Phase 1
DB12210,AZD-6280,drug,DrugBank,3140.0,Schizophrenia,disease,Orphanet,ddii,Discontinued in Phase 1
DB16425,Rintatolimod,drug,DrugBank,1983.0,Chronic fatigue syndrome,disease,Orphanet,ddii,Application submitted
DB01431,Allylestrenol,drug,DrugBank,3140.0,Schizophrenia,disease,Orphanet,ddii,Preclinical
DB03880,Batimastat,drug,DrugBank,2032.0,Idiopathic pulmonary fibrosis,disease,Orphanet,ddii,Preclinical
DB00613,Amodiaquine,drug,DrugBank,673.0,Malaria,disease,Orphanet,ddii,Withdrawn from market
DB07223,CA-074 methyl ester,drug,DrugBank,586.0,Cystic fibrosis,disease,Orphanet,ddii,Preclinical
DB06439,Tyloxapol,drug,DrugBank,586.0,Cystic fibrosis,disease,Orphanet,ddii,Terminated
DB13550,Bifemelane,drug,DrugBank,238616.0,Alzheimer disease,disease,Orphanet,ddii,Terminated
DB02742,Kifunensine,drug,DrugBank,98473.0,Muscular dystrophy,disease,Orphanet,ddii,Terminated
DB02282,5'-S-methyl-5'-thioadenosine,drug,DrugBank,802.0,Multiple sclerosis,disease,Orphanet,ddii,Terminated
DB14011,Nabiximols,drug,DrugBank,3140.0,Schizophrenia,disease,Orphanet,ddii,Investigative
DB04539,Glyphosate,drug,DrugBank,673.0,Malaria,disease,Orphanet,ddii,Investigative
DB04302,"4-Hydroxy-3,5-Dimethyl-5-(2-Methyl-Buta-1,3-Dienyl)-5h-Thiophen-2-One",drug,DrugBank,673.0,Malaria,disease,Orphanet,ddii,Investigative
DB16865,Rosmarinic acid,drug,DrugBank,284130.0,Rheumatoid arthritis,disease,Orphanet,ddii,Investigative
DB16961,Leupeptin,drug,DrugBank,673.0,Malaria,disease,Orphanet,ddii,Investigative
DB12500,Fedratinib,drug,DrugBank,729.0,Polycythemia vera,disease,Orphanet,ddii,Approved
DB00508,Triflupromazine,drug,DrugBank,3140.0,Schizophrenia,disease,Orphanet,ddii,Withdrawn from market
DB14763,Cycloguanil,drug,DrugBank,673.0,Malaria,disease,Orphanet,ddii,Investigative
DB16288,Peoniflorin,drug,DrugBank,319705.0,Parkinson disease,disease,Orphanet,ddii,Investigative
DB12129,Tideglusib,drug,DrugBank,238616.0,Alzheimer disease,disease,Orphanet,ddii,Phase 2
DB14189,Ethylenediamine,drug,DrugBank,3389.0,Tuberculosis,disease,Orphanet,ddii,Investigative
DB11689,Selumetinib,drug,DrugBank,636.0,Neurofibromatosis type 1,disease,Orphanet,ddii,Approved
DB12870,Buthionine sulfoximine,drug,DrugBank,673.0,Malaria,disease,Orphanet,ddii,Investigative
DB01024,Mycophenolic acid,drug,DrugBank,206.0,Crohn disease,disease,Orphanet,ddii,Approved
